Unidades,Nombre,#DescubreElHobby,#IngenioEstratega,#NivelExperto,#CreaConexiones,#EquipoGanador,#DuelosMemorables,#InicioRápido,#GestionaTusRecursos,#DominaElTablero,#ArteEnLaMesa,Peso_BGG,Min_Jugadores,Max_Jugadores,Tiempo_Juego,Rating_BGG,Mecanicas,Categorias,Link_BGG,BGG_ID,Columna 1,Columna 2,Columna 3,Columna 4,Columna 5,Columna 6,Columna 7
1,On Mars,No,no,si,no,no,No,No,si,no,no,4.63,1,4,150,8.2,"
Contracts
Delayed Purchase
End Game Bonuses
Hexagon Grid
Income
Movement Points
Moving Multiple Units
Set Collection
Solo / Solitaire Game
Tech Trees / Tech Tracks
Tile Placement
Variable Phase Order
Worker Placement",,https://boardgamegeek.com/boardgame/184267,184267,,,,,,,
1,Through the Ages: A New Story of Civilization,No,Sí,no,no,no,No,No,si,no,no,4.42,2,4,240,8.3,,,https://boardgamegeek.com/boardgame/182028,182028,,,,,,,
1,Gaia Project,no,no,si,no,no,no,no,si,si,si,4.4,2,4,150,8.4,"
End Game Bonuses
Hexagon Grid
Income
Modular Board
Network and Route Building
Solo / Solitaire Game
Tags
Tech Trees / Tech Tracks
Turn Order: Pass Order
Variable Player Powers
Variable Set-up
Victory Points as a Resource",,https://boardgamegeek.com/boardgame/220308/gaia-project,220308,,,,,,,
1,The Gallerist,No,No,Si,NO,NO,No,No,NO,NO,NO,4.22,1,4,150,8,"Commodity Speculation
Contracts
Investment
Open Drafting
Point to Point Movement
Resource to Move
Set Collection
Solo / Solitaire Game
Victory Points as a Resource
Worker Placement
Worker Placement, Different Worker Types",,https://boardgamegeek.com/boardgame/125153,125153,,,,,,,
1,Sankore,no,no,si,no,no,no,no,si,no,no,4.2,1,4,180,8,"Action Points
Area Majority / Influence
Contracts
End Game Bonuses
Point to Point Movement
Resource Queue
Simulation
Solo / Solitaire Game
Tech Trees / Tech Tracks
Worker Placement
Worker Placement, Different Worker Types",,https://boardgamegeek.com/boardgame/382518/sankore-the-pride-of-mansa-musa,382518,,,,,,,
1,Nucleum,no,no,si,no,no,no,no,si,no,no,4.19,1,4,150,8.1,"Action Retrieval
Contracts
End Game Bonuses
Hand Management
Income
Market
Network and Route Building
Solo / Solitaire Game
Tech Trees / Tech Tracks
Variable Player Powers",,https://boardgamegeek.com/boardgame/396790/nucleum,396790,,,,,,,
1,Cooper Island,no,no,si,no,si,no,no,si,si,si,4.16,1,4,120,7.6,"Income
Layering
Tile Placement
Turn Order: Claim Action
Worker Placement
Worker Placement, Different Worker Types",,https://boardgamegeek.com/boardgame/269511/cooper-island,269511,,,,,,,
1,Sweet Lands,no,no,si,no,no,no,no,si,no,si,4.14,1,4,200,8.2,"Hexagon Grid
Solo / Solitaire Game
Tile Placement
Variable Player Powers",,https://boardgamegeek.com/boardgame/425445,425445,,,,,,,
1,Barrage,No,Sí,no,no,no,No,No,si,no,no,4.12,1,4,180,8.1,"
Contracts
End Game Bonuses
Income
Network and Route Building
Ownership
Solo / Solitaire Game
Turn Order: Stat-Based
Variable Player Powers
Variable Set-up
Worker Placement",,https://boardgamegeek.com/boardgame/251247,251247,,,,,,,
1,Spirit Island,no,no,si,no,si,no,no,si,no,no,4.08,1,4,120,8.3,"
Action Retrieval
Area Majority / Influence
Automatic Resource Growth
Campaign / Battle Card Driven
Cooperative Game
Deck, Bag, and Pool Building
Hand Management
Modular Board
Simultaneous Action Selection
Solo / Solitaire Game
Tags
Variable Player Powers
Variable Set-up",,https://boardgamegeek.com/boardgame/162886/spirit-island,162886,,,,,,,
1,Golem,No,no,si,no,no,no,no,si,no,no,4.02,2,4,120,7.5,"Action Drafting
Income
Set Collection
Variable Player Powers
Variable Set-up
Worker Placement",,https://boardgamegeek.com/boardgame/298383/golem,298383,,,,,,,
1,Unconscious Mind,no,no,si,no,no,no,no,si,no,si,4,1,4,120,7.9,"Contracts
End Game Bonuses
Layering
Melding and Splaying
Open Drafting
Programmed Movement
Rondel
Set Collection
Solo / Solitaire Game
Tags
Variable Set-up
Worker Placement",,https://boardgamegeek.com/boardgame/329500/unconscious-mind/credits#boardgamemechanic,329500,,,,,,,
1,Evacuation,no,no,si,no,no,no,no,si,no,no,3.97,1,4,150,7.5,"Hand Management
Highest-Lowest Scoring
Income
Pick-up and Deliver
Solo / Solitaire Game",,https://boardgamegeek.com/boardgame/382843/evacuation,382843,,,,,,,
1,alquimistas,no,no,si,no,no,no,no,si,no,no,3.92,2,4,120,7.6,"
Action Drafting
Action Queue
Constrained Bidding
Deduction
End Game Bonuses
Events
Hand Management
Open Drafting
Turn Order: Progressive
Worker Placement",,https://boardgamegeek.com/boardgame/161970/alchemists,161970,,,,,,,
1,Great Western Trail: Argentina,No,no,si,no,no,No,No,si,si,no,3.91,1,4,150,8.5,,,https://boardgamegeek.com/boardgame/364312,364312,,,,,,,
1,Maracaibo,No,no,si,no,no,no,no,si,no,no,3.91,1,4,120,8,"
Contracts
End Game Bonuses
Events
Hand Management
Income
Movement Points
Multi-Use Cards
Narrative Choice / Paragraph
Point to Point Movement
Scenario / Mission / Campaign Game
Set Collection
Solo / Solitaire Game
Stock Holding
Tech Trees / Tech Tracks
Track Movement
Variable Set-up",,https://boardgamegeek.com/boardgame/276025,276025,,,,,,,
1,Darwin's Journey,no,no,si,no,no,no,no,si,no,no,3.9,1,4,120,8.1,"Contracts
Ownership
Pick-up and Deliver
Point to Point Movement
Set Collection
Solo / Solitaire Game
Turn Order: Claim Action
Variable Set-up
Worker Placement
Worker Placement, Different Worker Types",,https://boardgamegeek.com/boardgame/322289/darwins-journey,322289,,,,,,,
1,Skymines,no,no,si,no,no,no,no,SI,no,no,3.9,1,4,150,8,"
Action Queue
Area Majority / Influence
Deck, Bag, and Pool Building
Hand Management
Investment
Open Drafting
Resource to Move
Roles with Asymmetric Information
Scenario / Mission / Campaign Game
Simultaneous Action Selection
Solo / Solitaire Game
Stock Holding
Turn Order: Claim Action
Variable Player Powers
Victory Points as a Resource
Worker Placement",,https://boardgamegeek.com/boardgame/359438/skymines,359438,,,,,,,
1,Brass: Birmingham,No,no,si,no,no,No,No,no,si,no,3.87,2,4,120,8.6,"
Chaining
End Game Bonuses
Hand Management
Income
Loans
Market
Multi-Use Cards
Network and Route Building
Ownership
Tags
Tech Trees / Tech Tracks
Tile Placement
Turn Order: Stat-Based
Variable Set-up",,https://boardgamegeek.com/boardgame/224517,224517,,,,,,,
1,Sabika,no,no,si,no,no,no,no,si,si,si,3.86,1,4,120,7.7,"Events
Rondel
Variable Set-up",,https://boardgamegeek.com/boardgame/360265/sabika,360265,,,,,,,
1,Root,No,Sí,Si,NO,NO,no,No,SI,si,si,3.83,2,4,90,8.1,"Action Points
Action Queue
Action Retrieval
Area Majority / Influence
Area Movement
Dice Rolling
Hand Management
Multi-Use Cards
Negotiation
Point to Point Movement
Race
Sudden Death Ending
Take That
Variable Player Powers
Variable Set-up",,https://boardgamegeek.com/boardgame/237182,237182,,,,,,,
1,Zhanguo: El Primer Imperio,no,no,si,no,no,no,no,si,si,no,3.83,2,4,120,8,"Area Majority / Influence
Hand Management
Solo / Solitaire Game",,https://boardgamegeek.com/boardgame/381819/zhanguo-the-first-empire,381819,,,,,,,
1,Lutier,no,si,si,no,no,no,no,no,no,si,3.8,1,4,140,8.2,"Area Majority / Influence
Auction / Bidding
Dice Rolling
End Game Bonuses
Open Drafting
Solo / Solitaire Game
Turn Order: Claim Action
Variable Phase Order
Variable Player Powers
Worker Placement
Worker Placement, Different Worker Types",,https://boardgamegeek.com/boardgame/371330/luthier,371330,,,,,,,
1,Robinson Crusoe: Adventures on the Cursed Island,No,no,si,no,si,no,No,no,si,si,3.83,1,4,120,7.8,"
Action Queue
Area Movement
Cooperative Game
Dice Rolling
Die Icon Resolution
Events
Hexagon Grid
Map Addition
Movement Points
Narrative Choice / Paragraph
Scenario / Mission / Campaign Game
Solo / Solitaire Game
Tile Placement
Turn Order: Progressive
Variable Player Powers
Worker Placement",,https://boardgamegeek.com/boardgame/121921,121921,,,,,,,
1,Ark Nova,No,NO,Si,NO,NO,NO,No,SI,NO,NO,3.79,1,4,150,8.5,"
Contracts
End Game Bonuses
Events
Grid Coverage
Hand Management
Hexagon Grid
Income
Increase Value of Unchosen Resources
Open Drafting
Race
Set Collection
Solo / Solitaire Game
Tags
Tile Placement
Track Movement
Variable Player Powers
Variable Set-up",,https://boardgamegeek.com/boardgame/342942,342942,,,,,,,
1,Seti,no,no,si,no,no,no,no,no,no,si,3.79,1,4,160,8.4,"
Area Majority / Influence
End Game Bonuses
Income
Multi-Use Cards
Resource to Move
Solo / Solitaire Game
Turn Order: Progressive
Variable Set-up",,https://boardgamegeek.com/boardgame/418059/seti-search-for-extraterrestrial-intelligence,418059,,,,,,,
1,Caverna,no,no,si,no,no,no,no,si,no,no,3.77,1,7,210,7.9,"Automatic Resource Growth
Increase Value of Unchosen Resources
Solo / Solitaire Game
Tile Placement
Turn Order: Claim Action
Worker Placement",,https://boardgamegeek.com/boardgame/102794/caverna-the-cave-farmers,102794,,,,,,,
1,Teotihuacan: City of Gods,No,Sí,si,no,no,No,No,si,si,no,3.77,1,4,120,7.8,"
Area Movement
End Game Bonuses
Events
Grid Coverage
Layering
Ownership
Rondel
Score-and-Reset Game
Set Collection
Solo / Solitaire Game
Square Grid
Tile Placement
Track Movement
Variable Set-up
Victory Points as a Resource
Worker Placement with Dice Workers",,https://boardgamegeek.com/boardgame/229853/teotihuacan-city-of-gods/credits#boardgamemechanic,229853,,,,,,,
1,Bitoku,no,no,si,no,no,no,no,si,si,si,3.76,1,4,120,7.8,"
Area Majority / Influence
Deck, Bag, and Pool Building
End Game Bonuses
Hand Management
Income
Set Collection
Solo / Solitaire Game
Turn Order: Claim Action
Worker Placement with Dice Workers",,https://boardgamegeek.com/boardgame/323612/bitoku,323612,,,,,,,
1,Alma Mater,No,Sí,no,NO,NO,NO,NO,si,si,si,3.75,2,4,150,7.3,"Closed Drafting
End Game Bonuses
Hand Management
Tile Placement
Worker Placement",,https://boardgamegeek.com/boardgame/295777,295777,,,,,,,
1,Praga Caput Regni,No,Sí,si,no,no,No,No,si,no,si,3.73,1,4,150,7.9,,,https://boardgamegeek.com/boardgame/308765,308765,,,,,,,
1,Paladins of the West Kingdom,No,no,si,no,no,No,No,si,no,no,3.71,1,4,120,8,"End Game Bonuses
Market
Open Drafting
Solo / Solitaire Game
Worker Placement
Worker Placement, Different Worker Types",,https://boardgamegeek.com/boardgame/266810,266810,,,,,,,
1,Aqua Sphere,no,no,si,no,no,no,no,no,si,no,3.67,2,4,100,7.3,"
Area Majority / Influence
Area Movement
End Game Bonuses
Income
Modular Board
Once-Per-Game Abilities
Open Drafting
Tech Trees / Tech Tracks
Tile Placement
Turn Order: Pass Order
Variable Set-up",,https://boardgamegeek.com/boardgame/159508/aquasphere,159508,,,,,,,
1,Tzolk'in: El Calendario Maya,No,no,si,no,no,No,No,si,si,si,3.66,2,4,90,7.8,"Bias
End Game Bonuses
Track Movement
Turn Order: Claim Action
Worker Placement",,https://boardgamegeek.com/boardgame/126163,126163,,,,,,,
1,Trajan,no,no,si,no,no,no,no,si,si,si,3.63,2,4,120,7.7,"Area Movement
Hand Management
Mancala
Open Drafting
Set Collection",,https://boardgamegeek.com/boardgame/102680/trajan,102680,,,,,,,
1,Bonfire,No,no,si,no,no,No,No,si,no,no,3.62,1,4,100,7.6,"
Contracts
Market
Pattern Building
Point to Point Movement
Set Collection
Solo / Solitaire Game
Tile Placement",,https://boardgamegeek.com/boardgame/304420/bonfire,304420,,,,,,,
1,Inferno,no,no,si,no,no,no,no,no,no,ai,3.57,1,4,120,7.9,"End Game Bonuses
Grid Movement
Loans
Market
Matching
Movement Points
Multi-Use Cards
Resource Queue
Variable Set-up
Worker Placement
Worker Placement, Different Worker Types",,https://boardgamegeek.com/boardgame/393165/inferno,393165,,,,,,,
1,Vizcondes del reino del oeste,No,Sí,no,no,no,No,No,si,si,no,3.46,1,4,90,7.8,"Area Majority / Influence
Deck, Bag, and Pool Building
End Game Bonuses
Hand Management
King of the Hill
Modular Board
Rondel
Set Collection
Solo / Solitaire Game
Variable Player Powers",,https://boardgamegeek.com/boardgame/296151,296151,,,,,,,
1,Nemesis,No,no,si,no,si,No,No,no,si,si,3.48,1,5,180,8.3,"
Campaign / Battle Card Driven
Cooperative Game
Dice Rolling
Hand Management
Hidden Roles
Interrupts
Modular Board
Player Elimination
Semi-Cooperative Game
Solo / Solitaire Game
Team-Based Game
Traitor Game
Variable Player Powers",,https://boardgamegeek.com/boardgame/167355,167355,,,,,,,
1,Scythe,No,Sí,,no,no,No,No,si,si,si,3.45,1,5,115,8.1,"Area Majority / Influence
Card Play Conflict Resolution
Contracts
End Game Bonuses
Force Commitment
Grid Movement
Hexagon Grid
King of the Hill
Movement Points
Narrative Choice / Paragraph
Solo / Solitaire Game
Take That
Tech Trees / Tech Tracks
Variable Player Powers
Variable Set-up
Victory Points as a Resource
Zone of Control",,https://boardgamegeek.com/boardgame/169786,169786,,,,,,,
1,Merv: The Heart of the Silk Road,No,no,si,no,no,no,No,si,si,si,3.43,1,4,90,7.5,"
Auction: Turn Order Until Pass
Contracts
Modular Board
Ownership
Rondel
Set Collection
Solo / Solitaire Game
Square Grid
Track Movement
Turn Order: Auction
Variable Set-up",,https://boardgamegeek.com/boardgame/306040,306040,,,,,,,
1,Arcs,no,no,si,no,no,no,no,si,si,si,3.42,2,4,120,8,"Area Majority / Influence
Area Movement
Campaign / Battle Card Driven
Dice Rolling
Die Icon Resolution
Hand Management
Negotiation
Resource to Move
Trick-taking
Turn Order: Claim Action
Variable Player Powers",,https://boardgamegeek.com/boardgame/359871/arcs,359871,,,,,,,
1,Marrakesh,no,no,si,no,no,no,no,si,no,no,3.41,2,4,120,8.1,"Cube Tower
End Game Bonuses
Open Drafting
Simultaneous Action Selection",,https://boardgamegeek.com/boardgame/342810/marrakesh,342810,,,,,,,
1,Tiletum,no,si,no,no,no,no,no,si,si,si,3.39,1,4,90,7.9,"Action Drafting
Action Points
Contracts
Dice Rolling
End Game Bonuses
Point to Point Movement
Set Collection
Variable Set-up",,https://boardgamegeek.com/boardgame/351913/tiletum,351913,,,,,,,
1,Ratas de Wistar,no,no,si,no,no,no,no,no,no,no,3.39,1,4,90,7.5,"Contracts
Events
Hand Management
Turn Order: Claim Action
Variable Set-up
Worker Placement",,https://boardgamegeek.com/boardgame/387780/rats-of-wistar,387780,,,,,,,
1,Marco Polo 2 ,no,si,no,no,no,no,no,si,si,si,3.37,2,4,120,7.9,"
Contracts
Dice Rolling
Point to Point Movement
Resource to Move
Turn Order: Stat-Based
Variable Player Powers
Worker Placement
Worker Placement with Dice Workers",,,,,,,,,,
1,Agricola 15,No,no,si,NO,NO,NO,NO,SI,NO,NO,3.37,1,4,120,7.8,"
Advantage Token
Automatic Resource Growth
Closed Drafting
Enclosure
Hand Management
Increase Value of Unchosen Resources
Solo / Solitaire Game
Team-Based Game
Turn Order: Claim Action
Variable Player Powers
Variable Set-up
Worker Placement",,https://boardgamegeek.com/boardgame/359999/agricola-15,359999,,,,,,,
1,Barcelona,no,no,si,no,no,no,no,si,si,si,3.37,1,4,90,7.7,"End Game Bonuses
Tile Placement
Worker Placement",,https://boardgamegeek.com/boardgame/383607/barcelona,383607,,,,,,,
1,Terracota Army,no,si,no,no,no,no,no,si,si,si,3.35,1,4,120,7.4,"Area Majority / Influence
Income
Variable Set-up
Worker Placement
Worker Placement, Different Worker Types",,https://boardgamegeek.com/boardgame/350458/terracotta-army,350458,,,,,,,
1,Endless Winter: Paleoamericans,No,Sí,no,no,no,No,No,su,si,si,3.32,1,4,120,7.7,"
Area Majority / Influence
Deck, Bag, and Pool Building
End Game Bonuses
Hand Management
Income
Modular Board
Multi-Use Cards
Set Collection
Solo / Solitaire Game
Tech Trees / Tech Tracks
Turn Order: Auction
Variable Player Powers
Variable Set-up",,https://boardgamegeek.com/boardgame/305096,305096,,,,,,,
1,Sand,no,no,si,no,no,no,no,no,si,no,3.3,1,4,120,6.7,,,https://boardgamegeek.com/boardgame/402669/sand,402669,,,,,,,
1,Lorenzo il Magnifico,No,Sí,no,no,no,no,no,si,no,no,3.29,2,4,120,7.8,"Contracts
Dice Rolling
End Game Bonuses
Open Drafting
Turn Order: Claim Action
Variable Set-up
Worker Placement
Worker Placement with Dice Workers",,https://boardgamegeek.com/boardgame/203993,203993,,,,,,,
1,Altiplano + expa,no,si,no,no,no,no,no,si,no,no,3.29,2,5,120,7.4,"Action Points
Contracts
Deck, Bag, and Pool Building
Modular Board
Open Drafting
Tile Placement
Turn Order: Progressive
Variable Player Powers
Variable Set-up
Worker Placement",,https://boardgamegeek.com/boardgame/234487/altiplano,234487,,,,,,,
1,Ultimate Railroads,no,n,Si,no,no,no,no,no,no,n,3.27,1,4,120,8.4,"End Game Bonuses
Worker Placement",,https://boardgamegeek.com/boardgame/329591/ultimate-railroads,329591,,,,,,,
1,Coming of Age,no,si,no,no,no,no,no,si,no,si,3.27,1,4,80,7.1,Dice Rolling,,https://boardgamegeek.com/boardgame/431837/coming-of-age,431837,,,,,,,
1,Abomination: El heredero de Frankenstein,no,si,no,no,no,no,no,si,no,no,3.26,2,4,180,7.4,"
Dice Rolling
Events
Narrative Choice / Paragraph
Set Collection
Storytelling
Variable Player Powers
Worker Placement
Worker Placement, Different Worker Types",,https://boardgamegeek.com/boardgame/239472/abomination-the-heir-of-frankenstein,239472,,,,,,,
1,Coimbra,No,Sí,no,no,no,no,No,si,no,no,3.25,2,4,90,7.6,"
Action Drafting
Auction / Bidding
Dice Rolling
End Game Bonuses
Income
Open Drafting
Point to Point Movement
Set Collection
Tech Trees / Tech Tracks
Turn Order: Stat-Based
Variable Set-up
Worker Placement with Dice Workers",,https://boardgamegeek.com/boardgame/245638,245638,,,,,,,
1,Ayar: Children of the Sun ,no,si,no,no,no,no,no,no,no,si,3.23,1,4,90,7.9,"
Area Majority / Influence
Highest-Lowest Scoring
Point to Point Movement
Set Collection
Solo / Solitaire Game
Tile Placement
Track Movement
Worker Placement",,https://boardgamegeek.com/boardgame/429438/ayar-children-of-the-sun,429438,,,,,,,
1,Monasterium,No,Sí,no,no,no,No,No,si,si,no,3.23,2,4,120,7.3,"Dice Rolling
Grid Coverage
Open Drafting
Pattern Building
Track Movement
Worker Placement
",,https://boardgamegeek.com/boardgame/317231/monasterium,317231,,,,,,,
1,The White Castle,No,Sí,,no,no,no,no,si,no,no,3.22,1,4,80,8,"
Action Drafting
Area Movement
Dice Rolling
End Game Bonuses
Income
Melding and Splaying
Multi-Use Cards
Open Drafting
Race
Resource Queue
Solo / Solitaire Game
Variable Set-up
Worker Placement
Worker Placement with Dice Workers",,https://boardgamegeek.com/boardgame/371942,371942,,,,,,,
1,Gran Hotel Austria,No,Sí,,no,no,No,No,si,no,no,3.2,1,4,120,8,"
Action Drafting
Contracts
Dice Rolling
End Game Bonuses
Hand Management
Set Collection
Turn Order: Progressive
Variable Set-up",,https://boardgamegeek.com/boardgame/182874/grand-austria-hotel/credits#boardgamemechanic,182874,,,,,,,
1,Lacrimosa,no,si,no,no,no,no,no,no,si,no,3.17,1,4,90,7.6,"Area Majority / Influence
Deck, Bag, and Pool Building
End Game Bonuses
Movement Points
Multi-Use Cards
Open Drafting",,https://boardgamegeek.com/boardgame/348450/lacrimosa,348450,,,,,,,
1,Ierusalem: Anno Domini,no,si,no,no,no,no,no,si,no,si,3.11,1,4,90,7.5,"
Advantage Token
Grid Coverage
Grid Movement
Hand Management
Set Collection
Solo / Solitaire Game
Worker Placement, Different Worker Types",,https://boardgamegeek.com/boardgame/371972/ierusalem-anno-domini,371972,,,,,,,
1,Obsesion,no,si,no,no,no,no,no,no,no,si,3.1,2,4,90,8.1,"Action Retrieval
Deck, Bag, and Pool Building
Hand Management
Open Drafting
Solo / Solitaire Game",,https://boardgamegeek.com/boardgame/231733/obsession,231733,,,,,,,
1,El señor de los anillos: El destino de la Humanidad,no,si,no,no,si,no,no,si,si,si,3.09,1,5,120,8.3,"
Action Points
Cooperative Game
Dice Rolling
Hand Management
Set Collection
Solo / Solitaire Game
Tags
Variable Player Powers",,https://boardgamegeek.com/boardgame/436217/the-lord-of-the-rings-fate-of-the-fellowship/credits#boardgamemechanic,436217,,,,,,,
1,El Valle de los Molinos,no,si,no,no,no,no,no,si,no,si,3.08,1,4,90,7.7,"End Game Bonuses
Market
Multi-Use Cards
Network and Route Building
Rondel
Solo / Solitaire Game
Variable Player Powers
Variable Set-up",,https://boardgamegeek.com/boardgame/403441/windmill-valley,403441,,,,,,,
1,Dune Imperium,no,si,no,no,no,no,no,si,si,no,3.07,1,4,120,8.4,"
Card Play Conflict Resolution
Deck, Bag, and Pool Building
Delayed Purchase
Force Commitment
Increase Value of Unchosen Resources
Multi-Use Cards
Open Drafting
Ownership
Race
Solo / Solitaire Game
Tags
Take That
Turn Order: Progressive
Variable Player Powers
Worker Placement",,https://boardgamegeek.com/boardgame/316554/dune-imperium,316554,,,,,,,
1,IKI,No,Sí,no,no,no,no,No,si,no,no,3.06,2,4,90,7.6,,,https://boardgamegeek.com/boardgame/177478/iki,177478,,,,,,,
1,"Wonderland's War (2022)
",no,si,no,no,no,no,no,si,si,si,3.04,2,5,125,8.1,"Area Majority / Influence
Deck, Bag, and Pool Building
Dice Rolling
Open Drafting
Push Your Luck
Rondel
Variable Player Powers",,https://boardgamegeek.com/boardgame/227935/wonderlands-war,227935,,,,,,,
1,Dinosaur Island,no,no,si,no,no,no,no,si,no,no,3.04,1,4,120,7.5,"Action Points
Dice Rolling
Income
Set Collection
Tile Placement
Worker Placement",,https://boardgamegeek.com/boardgame/221194/dinosaur-island,221194,,,,,,,
1,Alubari: A Nice Cup of Tea,No,Sí,,NO,NO,NO,NO,si,no,si,3.04,1,5,120,7.2,"Contracts
Turn Order: Claim Action
Worker Placement",,https://boardgamegeek.com/boardgame/259616,259616,,,,,,,
1,Manhattan Project: Energy Empire,no,si,si,no,NO,No,No,si,si,no,3.03,1,5,120,7.7,"
Dice Rolling
Die Icon Resolution
End Game Bonuses
Events
Variable Player Powers
Worker Placement
Worker Placement, Different Worker Types",,https://boardgamegeek.com/boardgame/429401/manhattan-project-energy-empire/credits#boardgamemechanic,429401,,,,,,,
1,Galileo Galilei,no,si,no,no,no,no,no,si,no,no,3.01,1,4,100,7.6,"Area Majority / Influence
End Game Bonuses
Rondel
Variable Set-up
",,https://boardgamegeek.com/boardgame/393333/galileo-galilei,393333,,,,,,,
1,Dead of Winter: A Crossroads Game,No,Sí,si,no,si,no,No,si,si,si,3.01,2,5,120,7.5,,,https://boardgamegeek.com/boardgame/150376,150376,,,,,,,
1,Kemet,no,si,no,no,no,no,no,no,si,si,3,2,5,120,7.6,"Action Points
Area Majority / Influence
Area Movement
Card Play Conflict Resolution
Hand Management
Open Drafting
Tech Trees / Tech Tracks",,https://boardgamegeek.com/boardgame/127023/kemet,127023,,,,,,,
1,discordia,no,no,si,no,no,no,no,si,si,no,3,1,4,90,7.5,"Action / Event
Action Drafting
Dice Rolling
Income
Sudden Death Ending",,https://boardgamegeek.com/boardgame/360206/discordia,,,,,,,,
1,Zapotec,no,si,no,no,no,no,no,no,si,si,3,1,4,75,7.2,"Area Majority / Influence
Hand Management
Open Drafting
Simultaneous Action Selection
Solo / Solitaire Game
Turn Order: Stat-Based",,https://boardgamegeek.com/boardgame/322589/zapotec,322589,,,,,,,
1,Concordia,No,Sí,No,no,no,No,No,no,si,no,2.99,2,5,100,8.1,"Action Retrieval
Advantage Token
Auction: Dutch
Deck, Bag, and Pool Building
End Game Bonuses
Hand Management
Hidden Victory Points
Investment
Movement Points
Network and Route Building
Open Drafting
Point to Point Movement
Set Collection
Variable Set-up",,https://boardgamegeek.com/boardgame/124361,124361,,,,,,,
1,Brazil Imperial,no,si,no,no,no,no,no,si,si,si,2.99,1,4,100,7.5,"
Card Play Conflict Resolution
Contracts
Grid Movement
Hexagon Grid
Modular Board
Once-Per-Game Abilities
Open Drafting
Solo / Solitaire Game
Tile Placement
Variable Player Powers",,https://boardgamegeek.com/boardgame/249277/brazil-imperial,249277,,,,,,,
1,Hansa Teutonica,No,Sí,,no,no,No,No,no,si,no,2.97,3,5,90,8.4,,,https://boardgamegeek.com/boardgame/43015,286749,,,,,,,
1,Marvel Champions: The Card Game,No,Sí,no,no,si,no,no,no,no,no,2.95,1,4,90,8.1,"Card Play Conflict Resolution
Cooperative Game
Deck Construction
Hand Management
Interrupts
Scenario / Mission / Campaign Game
Solo / Solitaire Game
Turn Order: Progressive
Variable Player Powers
Variable Set-up",,https://boardgamegeek.com/boardgame/285774,285774,,,,,,,
1,Inis,No,Sí,no,no,no,No,No,no,si,si,2.95,2,4,90,7.8,"Action Drafting
Area Majority / Influence
Area Movement
Campaign / Battle Card Driven
Closed Drafting
Hand Management
Hexagon Grid
Interrupts
King of the Hill
Map Addition
Modular Board
Take That
Variable Set-up",,https://boardgamegeek.com/boardgame/155821,155821,,,,,,,
1,Proyecto Arrecife,no,si,no,no,no,no,no,no,si,si,2.95,2,4,90,7.5,"Area Majority / Influence
Connections
End Game Bonuses
Point to Point Movement
Set Collection
Solo / Solitaire Game
Variable Player Powers
Variable Set-up",,https://boardgamegeek.com/boardgame/419199/reef-project,419199,,,,,,,
1,El Grande,No,Sí,no,no,no,no,No,no,si,no,2.94,2,5,120,7.8,"
Action Drafting
Area Majority / Influence
Auction / Bidding
Hand Management
Open Drafting
Selection Order Bid
Simultaneous Action Selection
Take That
Turn Order: Auction",,https://boardgamegeek.com/boardgame/93,93,,,,,,,
1,Las Ruinas Perdias de Arnak,No,Sí,no,no,no,no,no,si,si,no,2.93,1,4,120,8.1,"
Area Movement
Contracts
Deck, Bag, and Pool Building
Delayed Purchase
End Game Bonuses
Hand Management
Multi-Use Cards
Once-Per-Game Abilities
Open Drafting
Resource to Move
Solo / Solitaire Game
Track Movement
Turn Order: Progressive
Worker Placement",,https://boardgamegeek.com/boardgame/312484,312484,,,,,,,
1,Earth,No,Sí,no,no,no,No,No,si,no,si,2.91,1,5,90,7.6,"
Contracts
End Game Bonuses
Follow
Hand Management
Pattern Building
Solo / Solitaire Game
Tags
Team-Based Game
Tile Placement
Variable Set-up
Victory Points as a Resource",,https://boardgamegeek.com/boardgame/350184,350184,,,,,,,
1,ganges,no,si,no,no,no,no,no,si,si,no,2.9,2,4,75,7.7,"

Connections
Dice Rolling
Race
Tile Placement
Track Movement
Worker Placement
Worker Placement with Dice Workers
Connections
Dice Rolling
Race
Tile Placement
Track Movement
Worker Placement
Worker Placement with Dice WorkersConnections
Dice Rolling
Race
Tile Placement
Track Movement
Worker Placement
Worker Placement with Dice Workers
Connections
Dice Rolling
Race
Tile Placement
Track Movement
Worker Placement
Worker Placement with Dice Workers",,https://boardgamegeek.com/boardgame/220877/rajas-of-the-ganges/credits#boardgamemechanic,,,,,,,,
1,Imaginarium,no,si,no,no,no,no,no,no,no,si,2.9,2,5,90,7.1,"Action Drafting
Contracts
Set Collection
Take That
Variable Phase Order",,https://boardgamegeek.com/boardgame/218804/imaginarium,218804,,,,,,,
1,Viticulture Essential Edition,No,Sí,no,no,no,No,No,si,no,no,2.89,1,6,90,8,"
Contracts
Hand Management
Race
Solo / Solitaire Game
Turn Order: Auction
Victory Points as a Resource
Worker Placement
Worker Placement, Different Worker Types",,https://boardgamegeek.com/boardgame/183394,183394,,,,,,,
1,The Wtcher: El Viejo Mundo,no,si,no,no,no,no,no,no,no,si,2.88,1,5,150,7.9,"
Card Play Conflict Resolution
Deck, Bag, and Pool Building
Dice Rolling
Events
Hand Management
Increase Value of Unchosen Resources
Narrative Choice / Paragraph
Open Drafting
Pick-up and Deliver
Point to Point Movement
Race
Role Playing
Solo / Solitaire Game
Variable Player Powers
Variable Set-up",,https://boardgamegeek.com/boardgame/331106/the-witcher-old-world,331106,,,,,,,
1,Pulitzer,no,si,no,no,no,no,no,si,no,si,2.88,1,5,120,7.1,"Area Majority / Influence
End Game Bonuses
Events
Point to Point Movement
Secret Unit Deployment
Set Collection
Solo / Solitaire Game
Worker Placement, Different Worker Types",,https://boardgamegeek.com/boardgame/428231/pulitzer,428231,,,,,,,
1,Blood Rage,No,Sí,no,NO,NO,No,No,no,SI,SI,2.87,2,4,90,7.9,"
Action Points
Area Majority / Influence
Area Movement
Card Play Conflict Resolution
Closed Drafting
Hand Management
Map Reduction
Memory
Open Drafting
Simultaneous Action Selection
Take That
Turn Order: Progressive",,https://boardgamegeek.com/boardgame/170216,170216,,,,,,,
1,Caylus 1303,no,si,no,no,no,no,no,si,no,no,2.87,2,5,90,7.4,"
Action Queue
End Game Bonuses
Hidden Victory Points
Income
Open Drafting
Ownership
Resource to Move
Tags
Take That
Tile Placement
Turn Order: Claim Action
Turn Order: Pass Order
Variable Player Powers
Variable Set-up
Victory Points as a Resource
Worker Placement",,https://boardgamegeek.com/boardgame/284818/caylus-1303,284818,,,,,,,
1,Daybreak,no,si,no,no,si,no,no,si,no,no,2.86,1,4,120,7.7,"
Automatic Resource Growth
Cooperative Game
Die Icon Resolution
Events
Hand Management
Melding and Splaying
Multi-Use Cards
Set Collection
Simulation
Simultaneous Action Selection
Solo / Solitaire Game
Tags
Tech Trees / Tech Tracks
Variable Player Powers
Variable Set-up",,https://boardgamegeek.com/boardgame/334986/daybreak,334986,,,,,,,
1,Fábrica de Chocolate,n,si,S,N,no,no,N,SI,SI,si,2.85,1,4,90,7.4,"Action Points
Bias
Contracts
End Game Bonuses
Open Drafting
Pick-up and Deliver",,https://boardgamegeek.com/boardgame/329434/chocolate-factory-deluxe-edition,329434,,,,,,,
1,Oceans,no,di,no,no,no,no,no,si,no,no,2.85,2,4,90,7.4,"Hand Management
Hidden Victory Points
Multi-Use Cards
Open Drafting
Take That
Victory Points as a Resource",,https://boardgamegeek.com/boardgame/232414/oceans,232414,,,,,,,
1,Five Tribes,no,si,no,no,no,no,no,no,si,no,2.84,2,4,80,7.8,"
Auction / Bidding
Constrained Bidding
End Game Bonuses
Hidden Victory Points
Mancala
Modular Board
Set Collection
Square Grid
Take That
Turn Order: Auction
Variable Player Powers
Variable Set-up
Victory Points as a Resource",,https://boardgamegeek.com/boardgame/157354/five-tribes-the-djinns-of-naqala,157354,,,,,,,
1,Los Castillos de Borgoña: Edición Especial,no,si,no,no,no,no,no,si,no,si,2.83,1,4,120,9.1,"
Dice Rolling
End Game Bonuses
Grid Movement
Set Collection
Solo / Solitaire Game
Team-Based Game
Tile Placement",,https://boardgamegeek.com/boardgame/363622/the-castles-of-burgundy-special-edition,363622,,,,,,,
1,Everdell,No,Sí,no,no,no,No,No,si,no,si,2.83,1,4,80,8,"
Contracts
End Game Bonuses
Hand Management
Income
Open Drafting
Ownership
Set Collection
Solo / Solitaire Game
Tags
Variable Set-up
Worker Placement",,https://boardgamegeek.com/boardgame/199792,199792,,,,,,,
1,Deus,no,si,no,no,no,no,no,si,no,no,2.83,2,4,90,7.3,"Action Queue
Area Majority / Influence
End Game Bonuses
Grid Movement
Hand Management
Hexagon Grid
Modular Board
Multi-Use Cards
Network and Route Building
Victory Points as a Resource",,https://boardgamegeek.com/boardgame/162082/deus,162082,,,,,,,
1,The Red Cathedral,No,Sí,no,no,no,No,No,si,no,no,2.82,1,4,80,7.7,"
Area Majority / Influence
Contracts
Dice Rolling
End Game Bonuses
Rondel
Solo / Solitaire Game
Victory Points as a Resource",,https://boardgamegeek.com/boardgame/227224/the-red-cathedral,295508,,,,,,,
1,Cyclades,No,Si,no,no,no,no,no,,,si,2.82,2,5,90,7.5,"
Area Majority / Influence
Area Movement
Auction / Bidding
Auction: Fixed Placement
Dice Rolling
Open Drafting
Set Collection
Variable Phase Order",,,,,,,,,,
1,Tikal,No,Sí,no,no,no,No,No,no,si,no,2.78,2,4,90,7.3,"
Action Points
Area Majority / Influence
Auction / Bidding
Events
Grid Movement
Hexagon Grid
Kill Steal
Layering
Map Addition
Modular Board
Set Collection
Tile Placement
Victory Points as a Resource",,https://boardgamegeek.com/boardgame/54,54,,,,,,,
1,Yukon Airways,no,si,no,no,no,no,no,si,si,si,2.77,1,4,90,7.3,"
Action Drafting
Contracts
Hand Management
Open Drafting
Pick-up and Deliver
Point to Point Movement
Resource to Move
Solo / Solitaire Game
Turn Order: Claim Action
Variable Set-up
Victory Points as a Resource",,https://boardgamegeek.com/boardgame/283294/yukon-airways,283294,,,,,,,
1,Architects of the West Kingdom,No,Sí,no,NO,NO,NO,No,SI,NO,NO,2.76,1,5,80,7.7,"
Area Movement
Contracts
End Game Bonuses
Events
Kill Steal
Loans
Open Drafting
Solo / Solitaire Game
Static Capture
Tags
Take That
Track Movement
Variable Player Powers
Variable Set-up
Worker Placement",,https://boardgamegeek.com/boardgame/236457,236457,,,,,,,
1,Celtae,no,si,no,no,no,no,no,si,si,no,2.74,1,4,100,7.1,"Area Majority / Influence
Hand Management
Rondel
",,https://boardgamegeek.com/boardgame/374200/celtae,374200,,,,,,,
1,Atiwa,no,si,no,no,no,no,no,si,si,no,2.73,1,4,120,7.5,"Automatic Resource Growth
End Game Bonuses
Modular Board
Turn Order: Claim Action
Worker Placement",,,,,,,,,,
1,bot factory,no,si,no,no,no,no,no,si,no,no,2.73,1,4,60,7.4,"Open Drafting
Tile Placement
Variable Phase Order
Worker Placement",,https://boardgamegeek.com/boardgame/328124/bot-factory,,,,,,,,
1,London 2da edición,no,si,no,no,no,no,no,no,no,no,2.72,2,4,90,7.5,"Action Queue
Automatic Resource Growth
Contracts
End Game Bonuses
Hand Management
Income
Loans
Open Drafting
Tags
Take That
Variable Set-up",,https://boardgamegeek.com/boardgame/236191/london-second-edition,236191,,,,,,,
1,Honey Buzz,no,si,no,no,no,no,no,si,no,si,2.71,1,4,90,7.5,"Action Retrieval
Contracts
Enclosure
End Game Bonuses
Grid Movement
Hexagon Grid
Income
Market
Memory
Modular Board
Open Drafting
Pattern Building
Pieces as Map
Race
Resource to Move
Solo / Solitaire Game
Square Grid
Tile Placement
Variable Set-up
Worker Placement",,https://boardgamegeek.com/boardgame/284742/honey-buzz,284742,,,,,,,
1,Las Mansiones de la Locura,si,Sí,no,no,si,no,No,no,no,si,2.7,1,5,180,7.9,"Area Movement
Cooperative Game
Dice Rolling
Hand Management
Map Addition
Modular Board
Role Playing
Scenario / Mission / Campaign Game
Solo / Solitaire Game
Stat Check Resolution
Traitor Game
Variable Player Powers",,https://boardgamegeek.com/boardgame/205059,205059,,,,,,,
1,3 ring circus,no,si,no,no,no,no,no,si,si,no,2.7,1,4,75,7.2,"Area Majority / Influence
End Game Bonuses
Hand Management
Movement Points
Point to Point Movement",,https://boardgamegeek.com/boardgame/371947/3-ring-circus,371947,,,,,,,
1,El Señor de los Anillos: Viajes por la Tierra Media,no,si,no,no,si,no,no,no,si,si,2.69,1,5,120,7.9,"
Action Points
Area Movement
Campaign / Battle Card Driven
Cooperative Game
Deck, Bag, and Pool Building
Map Addition
Modular Board
Role Playing
Scenario / Mission / Campaign Game
Solo / Solitaire Game
Stat Check Resolution
Variable Player Powers",,https://boardgamegeek.com/boardgame/269385/the-lord-of-the-rings-journeys-in-middle-earth,269385,,,,,,,
1,Las Tabernas de Valfonda,No,Sí,no,no,no,no,no,no,no,no,2.68,2,4,60,7.6,"Deck, Bag, and Pool Building
Dice Rolling
Open Drafting
Turn Order: Progressive
Worker Placement
Worker Placement with Dice Workers",,https://boardgamegeek.com/boardgame/269207,269207,,,,,,,
1,El gran libro de la locura,no,si,no,no,si,no,no,no,no,no,2.68,2,5,90,6.9,"Cooperative Game
Deck, Bag, and Pool Building
Hand Management
Player Elimination
Variable Player Powers",,https://boardgamegeek.com/boardgame/171233/the-big-book-of-madness,171233,,,,,,,
1,Catan: El Auge de los incas,no,si,no,no,no,no,no,si,si,no,2.67,3,4,90,7.2,"Dice Rolling
Hand Management
Network and Route Building
Trading",,https://boardgamegeek.com/boardgame/244144/catan-histories-rise-of-the-inkas,244144,,,,,,,
1,Paleo,No,Sí,no,no,si,no,no,si,no,si,2.65,2,4,60,7.7,"Action / Event
Cooperative Game
Deck, Bag, and Pool Building
Memory
Scenario / Mission / Campaign Game
Simultaneous Action Selection
Variable Set-up",,https://boardgamegeek.com/boardgame/300531,300531,,,,,,,
1,Castillos del Rey Loco Ludwig,no,si,,no,no,No,No,no,no,no,2.65,1,4,90,7.5,"End Game Bonuses
Hidden Victory Points
I Cut, You Choose
Increase Value of Unchosen Resources
Pattern Building
Set Collection
Tile Placement
Turn Order: Progressive",,https://boardgamegeek.com/boardgame/255848,255848,,,,,,,
1,Las Tribus del Viento,no,si,no,no,no,no,no,no,no,no,2.65,2,5,90,7.3,"
Closed Drafting
Contracts
End Game Bonuses
Grid Coverage
Hand Management
Movement Points
Neighbor Scope
Race
Set Collection
Tile Placement",,https://boardgamegeek.com/boardgame/362986/tribes-of-the-wind,362986,,,,,,,
1,"Future Inc. (2023)
",no,si,no,no,no,no,no,si,no,no,2.63,2,4,60,7.2,"Commodity Speculation
Market
Open Drafting
Set Collection
Victory Points as a Resource
",,https://boardgamegeek.com/boardgame/387305/future-inc,387305,,,,,,,
1,Neko Syndicate (2024),no,si,no,no,no,no,no,si,no,no,2.62,1,4,40,2.62,"Action Points
Pattern Building
Pick-up and Deliver",,https://boardgamegeek.com/boardgame/415792/neko-syndicate,415792,,,,,,,
1,Wingspan Asia,no,si,no,no,no,si,no,si,si,si,2.6,2,2,70,8.2,"Dice Rolling
End Game Bonuses
Hand Management
Open Drafting
Push Your Luck
Set Collection
Solo / Solitaire Game",,https://boardgamegeek.com/boardgame/366161/wingspan-asia,366161,,,,,,,
1,Catan viajeros de las estrellas,no,si,no,no,no,no,no,si,si,no,2.59,3,4,120,7.5,"Hexagon Grid
Modular Board
Trading
Variable Set-up",,https://boardgamegeek.com/boardgame/282853/catan-starfarers,282853,,,,,,,
1,Ecos: Primer Continente,no,si,no,no,no,no,no,no,no,no,2.57,2,6,75,7.1,"
Bingo
Contracts
Modular Board
Set Collection
Simultaneous Action Selection
Tile Placement
Turn Order: Progressive",,https://boardgamegeek.com/boardgame/279254/ecos-first-continent,279254,,,,,,,
1,Brian Boru,no,si,no,no,no,no,no,no,si,no,2.55,3,5,90,7.5,"Area Majority / Influence
Closed Drafting
Hand Management
King of the Hill
Multi-Use Cards
Point to Point Movement
Trick-taking
Turn Order: Stat-Based
Variable Phase Order
Victory Points as a Resource",,https://boardgamegeek.com/boardgame/337765/brian-boru-high-king-of-ireland,337765,,,,,,,
1,Museum,no,si,no,no,no,no,no,si,no,si,2.55,2,4,60,7.2,"Open Drafting
Set Collection
Trading",,,204505,,,,,,,
1,Ex Libris,No,Sí,no,no,no,No,No,si,si,no,2.54,1,4,45,7.1,"
Hand Management
Open Drafting
Set Collection
Solo / Solitaire Game
Tile Placement
Variable Player Powers
Worker Placement",,https://boardgamegeek.com/boardgame/201825/ex-libris/credits#boardgamemechanic,201825,,,,,,,
1,Escape Tales: Sin Memoria,no,si,no,no,si,no,no,no,no,no,2.54,1,4,540,6.6,"Cooperative Game
Dice Rolling
Push Your Luck
Variable Player Powers",,https://boardgamegeek.com/boardgame/282291/escape-tales-low-memory,282291,,,,,,,
1,union,no,si,no,no,no,no,no,si,si,no,2.53,2,5,90,7.5,"

Commodity Speculation
End Game Bonuses
Events
Grid Coverage
Market
Turn Order: Claim Action
Variable Set-up
Victory Points as a Resource
Worker PlacementCommodity Speculation
End Game Bonuses
Events
Grid Coverage
Market
Turn Order: Claim Action
Variable Set-up
Victory Points as a Resource
Worker Placement",,https://boardgamegeek.com/boardgame/343927/union-stockyards/credits#boardgamemechanic,,,,,,,,
1,El señor de los anillos,no,si,no,no,si,no,no,no,si,no,2.53,2,5,90,6.7,"Cooperative Game
Dice Rolling
Hand Management
Player Elimination
Set Collection
Variable Player Powers",,https://boardgamegeek.com/boardgame/823/the-lord-of-the-rings,823,,,,,,,
1,Rock Hard 1977,no,si,no,no,no,no,no,si,no,no,2.5,1,5,90,7.5,"End Game Bonuses
Events
Push Your Luck
Set Collection
Variable Player Powers
Worker Placement",,https://boardgamegeek.com/boardgame/402679/rock-hard-1977,402679,,,,,,,
1,Cthulhu: Death may die,no,si,no,no,si,no,no,no,no,si,2.48,1,5,120,8.2,"Action Points
Area Movement
Cooperative Game
Dice Rolling
Role Playing
Scenario / Mission / Campaign Game
Solo / Solitaire Game
Variable Player Powers",,https://boardgamegeek.com/boardgame/253344/cthulhu-death-may-die,253344,,,,,,,
1,Istambul Big Box,no,si,no,no,no,no,no,si,no,no,2.48,2,5,90,8,"
Contracts
Dice Rolling
Grid Movement
Modular Board
Network and Route Building
Pick-up and Deliver
Race
Variable Set-up",,https://boardgamegeek.com/boardgame/251219/istanbul-big-box/credits#boardgamemechanic,251219,,,,,,,
1,Wingspan,no,Sí,no,no,no,no,No,si,no,si,2.47,1,5,70,8,"
Action Queue
Dice Rolling
End Game Bonuses
Hand Management
Once-Per-Game Abilities
Open Drafting
Set Collection
Solo / Solitaire Game
Turn Order: Progressive",,https://boardgamegeek.com/boardgame/266192,266192,,,,,,,
1,Pandemic: La Caida de Roma,no,si,no,no,si,no,no,si,si,no,2.47,1,5,60,7.6,"
Action Points
Cooperative Game
Dice Rolling
Events
Hand Management
Point to Point Movement
Set Collection
Solo / Solitaire Game
Variable Player Powers",,https://boardgamegeek.com/boardgame/260428/fall-of-rome/credits#boardgamemechanic,260428,,,,,,,
1,discover,no,si,no,no,si,no,no,si,,si,2.46,1,4,120,5.8,"Modular Board
Player Elimination
Variable Player Powers",,https://boardgamegeek.com/boardgame/258244/discover-lands-unknown,,,,,,,,
1,Critter Kitchen,no,si,no,no,no,no,no,si,no,si,2.45,2,5,70,7.8,"Contracts
Programmed Movement
Variable Player Powers
Worker Placement, Different Worker Types",,https://boardgamegeek.com/boardgame/393429/critter-kitchen,393429,,,,,,,
1,Brew,no,si,no,no,no,no,no,no,no,no,2.44,2,4,90,7,"
Area Majority / Influence
Dice Rolling
Open Drafting
Take That
Turn Order: Progressive
Variable Player Powers
Worker Placement with Dice Workers",,https://boardgamegeek.com/boardgame/332386/brew,332386,,,,,,,
1,La búsqueda del planeta x,no,si,no,no,no,no,no,no,no,no,2.43,1,4,75,7.9,"
Action Points
Deduction
End Game Bonuses
Paper-and-Pencil
Rondel
Solo / Solitaire Game
Turn Order: Time Track",,https://boardgamegeek.com/boardgame/279537/the-search-for-planet-x,279537,,,,,,,
1,"Roll Player (2016)
",no,si,no,no,no,no,no,si,no,si,2.42,1,4,90,7.4,"Dice Rolling
Open Drafting
Role Playing
Set Collection
Variable Player Powers
",,https://boardgamegeek.com/boardgame/169426/roll-player,169426,,,,,,,
1,Cytosis: A Cell Biology Game,No,Sí,no,no,no,no,no,si,no,si,2.42,2,4,90,7,"Set Collection
Worker Placement",,https://boardgamegeek.com/boardgame/202977/cytosis-a-cell-biology-board-game,202977,,,,,,,
1,Pan Am: El Juego,No,si,no,no,no,no,no,si,no,no,2.41,2,4,60,7.5,"
Auction / Bidding
Auction: Fixed Placement
Connections
Constrained Bidding
Dice Rolling
Events
Income
Investment
Stock Holding
Turn Order: Claim Action
Turn Order: Progressive
Worker Placement",,https://boardgamegeek.com/boardgame/303057/pan-am,303057,,,,,,,
1,Pandemic,Sí,No,no,no,si,No,No,no,si,no,2.4,2,4,45,7.5,"
Action Points
Chaining
Contracts
Cooperative Game
Events
Hand Management
Multi-Use Cards
Point to Point Movement
Set Collection
Simulation
Tags
Trading
Variable Player Powers
Variable Set-up",,https://boardgamegeek.com/boardgame/30549/pandemic/credits#boardgamemechanic,30549,,,,,,,
1,Botanicus,no,si,no,no,no,no,no,si,no,si,2.4,2,4,60,7.4,"
Action Drafting
Grid Coverage
Grid Movement
Modular Board
Resource to Move
Set Collection
Tile Placement
Turn Order: Stat-Based
Variable Set-up",,https://boardgamegeek.com/boardgame/413260/botanicus,413260,,,,,,,
1,Mytikas,no,si,no,no,no,no,no,si,no,no,2.4,2,4,60,7.4,"Follow
Resource to Move
Worker Placement
",,https://boardgamegeek.com/boardgame/382676/mytikas,382676,,,,,,,
1,Catan Energias,no,si,no,no,no,no,no,si,si,no,2.4,3,4,90,7.2,"Area Majority / Influence
Dice Rolling
Hexagon Grid
Modular Board
Trading
Variable Set-up",,https://boardgamegeek.com/boardgame/408727/catan-new-energies,408727,,,,,,,
1,Back to the future: Viaje al Pasado,no,si,no,no,si,no,no,no,no,no,2.38,2,4,50,7.2,"Cooperative Game
Dice Rolling
Push Your Luck
Variable Player Powers",,https://boardgamegeek.com/boardgame/302388/back-to-the-future-back-in-time,302388,,,,,,,
1,La isla de los gatos,no,si,no,no,no,no,no,no,no,si,2.36,1,6,90,7.6,"
Closed Drafting
Grid Coverage
Hidden Victory Points
Income
Open Drafting
Pattern Building
Set Collection
Solo / Solitaire Game
Square Grid
Tile Placement
Turn Order: Stat-Based",,https://boardgamegeek.com/boardgame/281259,281259,,,,,,,
1,Creature Comforts,no,si,no,no,no,No,No,si,no,si,2.36,1,5,45,7.4,"
Auction: Dutch
Contracts
Dice Rolling
End Game Bonuses
Events
Hand Management
Open Drafting
Ownership
Push Your Luck
Set Collection
Solo / Solitaire Game
Tags
Turn Order: Progressive
Worker Placement
Worker Placement with Dice Workers",,https://boardgamegeek.com/boardgame/304051,304051,,,,,,,
1,Finspan,no,si,no,no,no,no,no,si,no,si,2.33,1,5,60,7.7,"End Game Bonuses
Hand Management
Once-Per-Game Abilities
Solo / Solitaire Game
Tags",,https://boardgamegeek.com/boardgame/436126/finspan,436126,,,,,,,
1,Revelación,no,si,no,no,no,no,no,si,si,si,2.33,2,6,90,7.4,"Dice Rolling
Memory
Point to Point Movement
Variable Player Powers",,https://boardgamegeek.com/boardgame/283213/revelacion,283213,,,,,,,
1,Harry Potter: Death Eaters Rising,no,si,no,no,si,no,no,no,no,no,2.33,2,4,90,6.9,"Cooperative Game
Dice Rolling
Open Drafting
Push Your Luck
Re-rolling and Locking",,https://boardgamegeek.com/boardgame/283211/harry-potter-death-eaters-rising,283211,,,,,,,
1,7 Wonders,Sí,No,no,NO,NO,No,No,NO,NO,NO,2.32,2,7,45,7.6,"
Closed Drafting
End Game Bonuses
Hand Management
Melding and Splaying
Multi-Use Cards
Neighbor Scope
Once-Per-Game Abilities
Score-and-Reset Game
Set Collection
Simultaneous Action Selection
Tags
Tech Trees / Tech Tracks
Variable Player Powers
Variable Set-up",,https://boardgamegeek.com/boardgame/68448,68448,,,,,,,
1,Abyss,no,si,no,no,no,no,no,no,no,si,2.32,2,4,60,7.3,"Auction / Bidding
Hand Management
Memory
Open Drafting
Push Your Luck
Set Collection",,https://boardgamegeek.com/boardgame/155987/abyss,155987,,,,,,,
1,El Ansia,no,si,no,no,no,no,no,no,no,no,2.32,2,6,60,7,"
Contracts
Deck, Bag, and Pool Building
End Game Bonuses
Increase Value of Unchosen Resources
Movement Points
Open Drafting
Push Your Luck
Set Collection
Track Movement
Turn Order: Stat-Based",,https://boardgamegeek.com/boardgame/339906/the-hunger,339906,,,,,,,
1,Stone Age 10 aniversario,No,Sí,no,no,no,No,No,si,no,no,2.31,2,4,90,7.9,"Dice Rolling
Set Collection
Turn Order: Progressive
Worker Placement
",,https://boardgamegeek.com/boardgame/260678/stone-age-anniversary,260678,,,,,,,
1,undaunted: north africa,no,si,no,no,no,si,no,no,no,no,2.31,2,2,60,7.8,"Command Cards
Deck, Bag, and Pool Building
Dice Rolling
Hexagon Grid
Modular Board
Open Drafting
Simulation",,https://boardgamegeek.com/boardgame/290359/undaunted-north-africa,290359,,,,,,,
1,Ra,si,No,no,si,no,no,si,no,no,NO,2.31,2,5,60,7.7,"Auction / Bidding
Auction: Once Around
Closed Economy Auction
Constrained Bidding
Hidden Victory Points
Push Your Luck
Set Collection",,https://boardgamegeek.com/boardgame/12,12,,,,,,,
1,Bunny Kingdom,no,si,no,no,no,No,No,no,si,no,2.3,2,5,60,7.4,"
Area Majority / Influence
Closed Drafting
End Game Bonuses
Grid Coverage
Hand Management
Simultaneous Action Selection
Square Grid",,https://boardgamegeek.com/boardgame/184921,184921,,,,,,,
1,Modern Art Deluxe,no,si,no,no,no,no,no,no,no,si,2.29,3,5,45,7.5,"
Auction / Bidding
Auction: English
Auction: Once Around
Auction: Sealed Bid
Auction: Turn Order Until Pass
Commodity Speculation
Hand Management
Victory Points as a Resource",,https://boardgamegeek.com/boardgame/118/modern-art,118,,,,,,,
1,Catan Edicion Viaje,no,si,no,no,no,no,no,si,si,no,2.29,2,4,75,7.1,"Dice Rolling
Hand Management
Modular Board",,https://boardgamegeek.com/boardgame/172994/catan-traveler-compact-edition,172994,,,,,,,
1,Oh My Goods!,NO,SI,,NO,NO,NO,No,SI,NO,NO,2.29,2,4,30,7,"Action Queue
Contracts
Hand Management
Multi-Use Cards
Push Your Luck
Set Collection
Turn Order: Progressive
Variable Set-up",,https://boardgamegeek.com/boardgame/183840,183840,,,,,,,
1,Galaxy Trucker,No,Sí,no,no,no,No,No,si,no,no,2.28,2,4,30,7.4,"Dice Rolling
Events
Real-Time
Relative Movement
Tile Placement
Track Movement",,https://boardgamegeek.com/boardgame/336794/galaxy-trucker-second-edition,336794,,,,,,,
1,fossilis,no,si,no,no,no,no,no,si,no,si,2.28,2,5,60,7,"
Action Points
Contracts
End Game Bonuses
Events
Grid Movement
Map Deformation
Modular Board
Open Drafting
Set Collection
Slide / Push
Square Grid
Static Capture
Tags
Take That
Three Dimensional Movement
Tile Placement
Variable Set-up",,https://boardgamegeek.com/boardgame/280032/fossilis,280032,,,,,,,
1,World Wonders,no,si,no,no,no,no,no,si,no,si,2.26,1,5,70,7.6,"
Action Points
Grid Coverage
Loans
Open Drafting
Solo / Solitaire Game
Square Grid
Tile Placement",,https://boardgamegeek.com/boardgame/365258/world-wonders,365258,,,,,,,
1,Cryptid,No,no,si,no,no,no,No,no,si,si,2.26,3,5,50,7.4,"Deduction
Hexagon Grid
Modular Board
Pattern Recognition",,https://boardgamegeek.com/boardgame/246784,246784,,,,,,,
1,Photosynthesis,no,si,no,no,no,no,No,no,si,si,2.26,2,4,60,6.9,"
Action Points
Area Majority / Influence
Bias
End Game Bonuses
Hexagon Grid
Income
Turn Order: Progressive",,https://boardgamegeek.com/boardgame/218603,218603,,,,,,,
1,Planeta Desconocido,no,si,no,no,no,no,no,si,no,no,2.25,1,6,80,7.8,"
End Game Bonuses
Events
Grid Coverage
Grid Movement
Hidden Victory Points
Map Addition
Neighbor Scope
Network and Route Building
Open Drafting
Pattern Building
Rondel
Simultaneous Action Selection
Solo / Solitaire Game
Square Grid
Sudden Death Ending
Tags
Tech Trees / Tech Tracks
Tile Placement
Turn Order: Progressive
Variable Player Powers",,https://boardgamegeek.com/boardgame/258779/planet-unknown,258779,,,,,,,
1,Colt Express big box ,Sí,No,no,no,no,no,No,no,si,si,2.25,2,9,40,7.8,"Action Queue
Action Retrieval
Hand Management
Programmed Movement
Variable Player Powers",,https://boardgamegeek.com/boardgame/341504/colt-express-big-box,158899,,,,,,,
1,Pradera,no,si,no,no,no,no,no,no,no,si,2.25,1,4,90,7.7,"Hand Management
Layering
Open Drafting
Set Collection
Solo / Solitaire Game
Worker Placement, Different Worker Types",,https://boardgamegeek.com/boardgame/314491,314491,,,,,,,
1,Isle of Skye: De lider a Rey,no,si,no,no,no,No,No,si,no,no,2.25,2,5,50,7.4,"
Auction: Multiple Lot
Catch the Leader
Commodity Speculation
I Cut, You Choose
Set Collection
Tile Placement
Turn Order: Progressive",,https://boardgamegeek.com/boardgame/176494,176494,,,,,,,
1,Oltree,No,Sí,no,no,si,No,No,si,si,si,2.25,2,4,60,7.5,"Cooperative Game
Dice Rolling
Events
Narrative Choice / Paragraph
Scenario / Mission / Campaign Game
Storytelling",,https://boardgamegeek.com/boardgame/297177,297177,,,,,,,
1,Ishtar: Jardines de Babilonia,no,si,no,no,no,no,no,si,si,si,2.25,2,4,45,7,"Area Majority / Influence
Rondel
Tile Placement
",,https://boardgamegeek.com/boardgame/271088/ishtar-gardens-of-babylon,271088,,,,,,,
1,1812 Argentina,SI,NO,,SI,NO,NO,NO,NO,NO,SI,2.25,2,7,15,6.5,Cooperative Game,,https://boardgamegeek.com/boardgame/321228/1812-argentina,321228,,,,,,,
1,Wildlans,no,si,no,no,no,no,no,no,no,no,2.24,2,4,60,7.3,"Area Movement
Hand Management
Interrupts
Kill Steal
Secret Unit Deployment
Variable Player Powers",,https://boardgamegeek.com/boardgame/244654/wildlands,244654,,,,,,,
1,7 Wonders Duel,NO,SI,no,NO,NO,Sí,No,SI,NO,NO,2.23,2,2,30,8.1,"
End Game Bonuses
Income
Melding and Splaying
Modular Board
Multi-Use Cards
Once-Per-Game Abilities
Open Drafting
Score-and-Reset Game
Set Collection
Sudden Death Ending
Tags
Tech Trees / Tech Tracks
Track Movement
Tug of War
Variable Set-up",,https://boardgamegeek.com/boardgame/173346,173346,,,,,,,
1,Clank,no,si,no,no,no,no,no,no,no,no,2.23,2,4,60,7.8,"
Action Points
Deck, Bag, and Pool Building
Delayed Purchase
End Game Bonuses
Movement Points
Open Drafting
Player Elimination
Point to Point Movement
Push Your Luck
Variable Set-up",,https://boardgamegeek.com/boardgame/201808/clank-a-deck-building-adventure,201808,,,,,,,
1,Tiwanaku,no,si,no,no,no,no,no,no,si,si,2.22,1,4,60,7.3,"Cooperative Game
Deduction
Grid Movement
Modular Board
Solo / Solitaire Game",,https://boardgamegeek.com/boardgame/267979/tiwanaku,267979,,,,,,,
1,Forest Shuffle,no,si,no,no,no,no,no,no,no,si,2.21,2,5,60,7.7,"End Game Bonuses
Hand Management
Layering
Melding and Splaying
Multi-Use Cards
Open Drafting
Set Collection
Tags",,https://boardgamegeek.com/boardgame/391163/forest-shuffle,391163,,,,,,,
1,Mision Planeta Rojo,no,Si,No,Si,No,No,No,No,Si,No,2.21,2,6,90,7.4,"
Action Retrieval
Area Majority / Influence
Area Movement
Hand Management
Simultaneous Action Selection
Take That
Turn Order: Role Order",,https://boardgamegeek.com/boardgame/176920/mission-red-planet-secondthird-edition/credits#boardgamemechanic,176920,,,,,,,
1,Living Forest,No,Sí,no,no,no,no,no,no,no,si,2.21,1,4,40,7.2,"Deck, Bag, and Pool Building
Push Your Luck
Race
Simultaneous Action Selection
Tile Placement
",,https://boardgamegeek.com/boardgame/328479/living-forest,328479,,,,,,,
1,Heat: Pedal to the Metal,No,Sí,no,no,no,no,no,no,si,si,2.2,1,6,60,8,"
Catch the Leader
Deck, Bag, and Pool Building
Hand Management
Programmed Movement
Push Your Luck
Race
Simulation
Simultaneous Action Selection
Solo / Solitaire Game
Track Movement
Variable Set-up",,https://boardgamegeek.com/boardgame/366013,366013,,,,,,,
1,Quadropolis,si,no,no,no,no,no,no,no,si,no,2.2,2,4,60,7.2,"
End Game Bonuses
Open Drafting
Pattern Building
Set Collection
Square Grid
Tile Placement
Worker Placement
Worker Placement, Different Worker Types",,https://boardgamegeek.com/boardgame/176396/quadropolis,176396,,,,,,,
1,Capitan Sonar,si,no,no,si,si,no,no,no,no,no,2.2,2,8,60,7.5,"
Deduction
Grid Movement
Hidden Movement
Line Drawing
Real-Time
Role Playing
Secret Unit Deployment
Simulation
Team-Based Game",,https://boardgamegeek.com/boardgame/171131/captain-sonar/credits#boardgamemechanic,171131,,,,,,,
1,Orichalcum,no,si,no,no,no,no,no,si,no,no,2.2,2,4,60,7.1,"Action Drafting
Dice Rolling
Race
Sudden Death Ending
Tile Placement",,https://boardgamegeek.com/boardgame/355888/orichalcum,355888,,,,,,,
1,Mariposas,no,si,no,no,no,No,No,no,si,si,2.2,2,5,75,6.8,"Grid Movement
Hexagon Grid
Movement Points
Set Collection
Turn Order: Stat-Based",,https://boardgamegeek.com/boardgame/297978/mariposas,297978,,,,,,,
1,Libertalia: Winds of Galecrest,no,si,,si,no,no,no,no,no,no,2.19,1,6,60,7.5,"
Action Queue
Hand Management
Selection Order Bid
Set Collection
Simultaneous Action Selection
Take That
Turn Order: Role Order
Variable Phase Order",,https://boardgamegeek.com/boardgame/356033/libertalia-winds-of-galecrest,356033,,,,,,,
1,Calico,No,Sí,no,no,no,No,No,no,si,no,2.19,1,4,45,7.5,"Enclosure
End Game Bonuses
Grid Coverage
Hexagon Grid
Open Drafting
Pattern Building
Set Collection
Solo / Solitaire Game
Tile Placement",,https://boardgamegeek.com/boardgame/283155,283155,,,,,,,
1,Flamecraft,no,si,no,no,no,no,no,si,si,si,2.18,1,5,60,7.4,,"Contracts
End Game Bonuses
Hand Management
Modular Board
Multi-Use Cards
Set Collection
Solo / Solitaire Game
Tags
Worker Placement",https://boardgamegeek.com/boardgame/336986,336986,,,,,,,
1,Mille Fiori,No,Sí,no,no,no,No,No,no,si,si,2.17,2,4,90,7.4,"Area Majority / Influence
Closed Drafting
Pattern Building",,https://boardgamegeek.com/boardgame/346501/mille-fiori,346501,,,,,,,
1,Cubitos,no,si,no,no,no,no,no,no,no,si,2.17,2,4,60,7.4,"
Catch the Leader
Deck, Bag, and Pool Building
Delayed Purchase
Dice Rolling
Grid Movement
Market
Push Your Luck
Race
Re-rolling and Locking
Variable Set-up",,https://boardgamegeek.com/boardgame/298069/cubitos,298069,,,,,,,
1,Dog Park,no,si,no,no,no,no,no,no,no,no,2.17,1,4,,6.9,"
Auction / Bidding
Point to Point Movement
Set Collection
Solo / Solitaire Game
Track Movement
Variable Set-up
Victory Points as a Resource
Worker Placement",,https://boardgamegeek.com/boardgame/331401/dog-park,331401,,,,,,,
1,Stranger things: mundo del revés,no,si,no,no,si,no,no,si,si,si,2.17,2,4,60,7.3,"Cooperative Game
Hand Management
Point to Point Movement
Variable Player Powers",,https://boardgamegeek.com/boardgame/374502/stranger-things-upside-down,374502,,,,,,,
1,Kitchen Rush,no,si,no,no,si,no,no,si,no,si,2.17,1,4,45,7.2,"Action Timer
Cooperative Game
Real-Time
Simulation
Solo / Solitaire Game
Worker Placement",,https://boardgamegeek.com/boardgame/223953/kitchen-rush,223953,,,,,,,
1,The king is dead,no,si,no,no,no,no,no,no,si,no,2.16,2,4,45,7.6,"
Area Majority / Influence
Campaign / Battle Card Driven
Communication Limits
Hand Management
Map Reduction
Memory
Simulation
Team-Based Game
Variable Set-up",,https://boardgamegeek.com/boardgame/319966/the-king-is-dead-second-edition,319966,,,,,,,
1,Tebas,no,si,no,no,no,no,no,no,no,no,2.16,2,4,60,7.1,"Point to Point Movement
Set Collection
Turn Order: Time Track",,https://boardgamegeek.com/boardgame/30869/thebes,30869,,,,,,,
1,Star Wars: Las Guerras Clon,no,si,no,no,si,no,no,no,si,si,2.16,1,5,60,7.5,"
Action Points
Cooperative Game
Die Icon Resolution
Hand Management
Point to Point Movement
Set Collection
Solo / Solitaire Game
Variable Player Powers",,https://boardgamegeek.com/boardgame/370913/star-wars-the-clone-wars/credits#boardgamemechanic,370913,,,,,,,
1,Space Base,no,si,no,no,no,no,no,si,no,no,2.13,2,5,60,7.5,"Dice Rolling
Open Drafting
Random Production",,https://boardgamegeek.com/boardgame/242302,242302,,,,,,,
1,Feed the kraken,no,si,no,no,si,no,no,no,no,si,2.14,5,11,90,7.8,"
Acting
Betting and Bluffing
Grid Movement
Hidden Roles
Player Elimination
Role Playing
Roles with Asymmetric Information
Team-Based Game
Traitor Game
Variable Player Powers
Voting",,https://boardgamegeek.com/boardgame/271601/feed-the-kraken,271601,,,,,,,
1,Evergreen,no,si,no,no,no,no,si,no,no,si,2.13,1,4,45,7.5,"Bias
End Game Bonuses
Grid Coverage
Open Drafting",,https://boardgamegeek.com/boardgame/363307/evergreen,363307,,,,,,,
1,Stellar,no,si,no,no,no,si,no,no,si,si,2.13,2,2,30,7.3,"Area Majority / Influence
Hand Management
Open Drafting
Set Collection
Tile Placement",,https://boardgamegeek.com/boardgame/293678/stellar,,,,,,,,
1,Tobago,no,si,no,no,no,no,no,no,si,no,2.13,2,4,60,7.1,"Deduction
Grid Movement
Hand Management
Hexagon Grid
Modular Board
Push Your Luck
",,https://boardgamegeek.com/boardgame/42215/tobago,42215,,,,,,,
1,Arboretum,no,si,no,NO,NO,NO,NO,NO,NO,NO,2.12,2,4,30,7.3,"
Connections
Hand Management
Move Through Deck
Open Drafting
Ordering
Pattern Building
Set Collection
Square Grid",,https://boardgamegeek.com/boardgame/140934,140934,,,,,,,
1,Nidavellir,no,si,no,no,no,no,no,no,no,no,2.11,2,5,45,7.6,"Auction / Bidding
Auction: Multiple Lot
Auction: Sealed Bid
Constrained Bidding
End Game Bonuses
Selection Order Bid
Set Collection
Simultaneous Action Selection",,https://boardgamegeek.com/boardgame/293014,293014,,,,,,,
1,Alhambra,Sí,No,no,NO,NO,NO,No,SI,no,no,2.1,2,6,60,7,"Hand Management
Open Drafting
Set Collection
Tile Placement",,https://boardgamegeek.com/boardgame/6249,6249,,,,,,,
1,Niebla en Carcassonne,no,si,no,no,si,no,no,no,no,no,2.11,1,5,35,7.3,"Cooperative Game
Tile Placement",,https://boardgamegeek.com/boardgame/358124/mists-over-carcassonne,358124,,,,,,,
1,Listo para Imprenta,si,no,no,no,no,no,no,no,no,no,2.09,2,6,25,7.3,"
Closed Drafting
End Game Bonuses
Grid Coverage
Pattern Building
Real-Time
Set Collection
Solo / Solitaire Game
Square Grid
Tile Placement
Variable Set-up",,https://boardgamegeek.com/boardgame/352574/fit-to-print,352574,,,,,,,
1,El Valle de los Mercaderes,no,si,no,no,no,no,no,no,no,no,2.09,2,4,30,7.2,"
Auction: Dutch
Deck, Bag, and Pool Building
Dice Rolling
Hand Management
Open Drafting
Race
Set Collection
Take That
Team-Based Game
Auction: Dutch
Deck, Bag, and Pool Building
Dice Rolling
Hand Management
Open Drafting
Race
Set Collection
Take That
Team-Based Game",,https://boardgamegeek.com/boardgame/176165/dale-of-merchants,176165,,,,,,,
1,Mercado de Lisboa,N,N,no,N,no,no,SI,SI,SI,NO,2.08,1,4,45,6.5,"Area Majority / Influence
Open Drafting
Tile Placement
Victory Points as a Resource
Worker Placement, Different Worker Types",,https://boardgamegeek.com/boardgame/262477/mercado-de-lisboa,262477,,,,,,,
1,El señor de los anillos: Duelo por la Tierra Media,no,si,no,no,no,si,no,no,si,si,2.07,2,2,45,8.4,"
Area Majority / Influence
Hand Management
Income
Layering
Market
Modular Board
Multi-Use Cards
Once-Per-Game Abilities
Open Drafting
Point to Point Movement
Race
Relative Movement
Set Collection
Sudden Death Ending
Tags
Take That
Tech Trees / Tech Tracks
Variable Player Powers
Variable Set-up",,https://boardgamegeek.com/boardgame/421006/the-lord-of-the-rings-duel-for-middle-earth,421006,,,,,,,
1,Azul Pabellon de Verano,no,si,no,no,no,no,no,no,no,si,2.07,2,4,45,7.6,"End Game Bonuses
Open Drafting
Pattern Building
Set Collection
Tile Placement
Turn Order: Claim Action",,https://boardgamegeek.com/boardgame/287954/azul-summer-pavilion,287954,,,,,,,
1,Queendomino,no,si,no,no,no,No,No,no,si,no,2.07,2,4,25,7.1,"Enclosure
Market
Open Drafting
Pattern Building
Tile Placement
Turn Order: Claim Action",,https://boardgamegeek.com/boardgame/232043,232043,,,,,,,
1,Tiny Towns,no,si,no,no,no,no,no,no,no,no,2.06,1,6,15,7.2,"End Game Bonuses
Follow
Grid Coverage
Pattern Building
Player Elimination
Solo / Solitaire Game
Square Grid
Turn Order: Progressive
Variable Phase Order
Variable Player Powers
Variable Set-up",,https://boardgamegeek.com/boardgame/265736/tiny-towns,265736,,,,,,,
1,Papillon,no,si,no,no,no,no,no,no,no,si,2.05,2,4,45,6.6,"Area Majority / Influence
Auction / Bidding
Open Drafting
Tile Placement
Turn Order: Auction",,https://boardgamegeek.com/boardgame/241066/papillon,241066,,,,,,,
1,Cat in the box,si,no,no,no,no,no,no,no,no,no,2.04,2,5,40,7.5,"Enclosure
Hand Management
Predictive Bid
Trick-taking",,https://boardgamegeek.com/boardgame/345972/cat-in-the-box-deluxe-edition,345972,,,,,,,
1,Sky Team,si,no,no,si,si,si,no,si,no,si,2.04,2,2,20,8.2,"Communication Limits
Cooperative Game
Dice Rolling
Scenario / Mission / Campaign Game
Turn Order: Progressive
Variable Player Powers
Variable Set-up
Worker Placement with Dice Workers",,https://boardgamegeek.com/boardgame/373106/sky-team,373106,,,,,,,
1,Pergola,no,,,,,,,,,si,2.04,1,4,60,7.3,"End Game Bonuses
Set Collection
Solo / Solitaire Game
Tile Placement",,https://boardgamegeek.com/boardgame/424573/pergola,424573,,,,,,,
1,Llamaland,no,si,no,no,no,no,no,si,no,si,2.03,2,4,45,7.1,"
Contracts
End Game Bonuses
Income
Layering
Map Addition
Open Drafting
Set Collection
Tags
Tile Placement
Variable Player Powers
Variable Set-up
Victory Points as a Resource",,https://boardgamegeek.com/boardgame/330038/llamaland,330038,,,,,,,
1,amazonia,no,si,no,no,no,si,no,no,no,no,2.02,2,2,30,7.3,"Open Drafting
Push Your Luck
Set Collection",,https://boardgamegeek.com/boardgame/295607/canopy,295607,,,,,,,
1,Monkey Palace,si,si,no,no,no,no,no,si,no,si,2.02,2,4,45,7.2,"
End Game Bonuses
Hot Potato
Income
Open Drafting
Pattern Building
Pieces as Map
Three Dimensional Movement
Tile Placement",,https://boardgamegeek.com/boardgame/412911/monkey-palace,412911,,,,,,,
1,Blue Lagoon,no,si,no,no,no,no,no,no,si,si,2.02,2,4,45,7.2,"
Area Majority / Influence
Chaining
Connections
End Game Bonuses
Hexagon Grid
Network and Route Building
Set Collection
Variable Set-up",,https://boardgamegeek.com/boardgame/244331/blue-lagoon,244331,,,,,,,
1,"Paris: La Cité de la Lumière (2019)
",No,Sí,no,no,no,si,si,si,no,si,2.01,2,2,30,30,"Action Drafting
Grid Coverage
Modular Board
Open Drafting
Square Grid
Tile Placement",,https://boardgamegeek.com/boardgame/276498/paris-la-cite-de-la-lumiere,276498,,,,,,,
1,Splendor Duel,Sí,No,no,no,no,Sí,si,si,no,no,2.01,2,2,30,7.9,"""Contracts
Open Drafting
Race
Set Collection""",,https://boardgamegeek.com/boardgame/166384,364073,,,,,,,
1,Harmonies,SI,NO,,NO,NO,NO,NO,,,SI,2,1,4,30,8,"
Chaining
Hexagon Grid
Open Drafting
Pattern Building
Set Collection
Solo / Solitaire Game
Tile Placement
Variable Player Powers",,https://boardgamegeek.com/boardgame/414317/harmonies,414317,,,,,,,
1,CATAN 25 Aniversario,no,No,no,no,no,no,No,si,no,no,2,3,4,120,7.8,"Dice Rolling
Hexagon Grid
Income
Modular Board
Network and Route Building
Race
Random Production
Trading
Variable Set-up",,https://boardgamegeek.com/boardgame/298278/catan-25-jahre-jubilaums-edition,298278,,,,,,,
1,Century Big Box,si,si,no,si,no,no,si,si,si,si,2,2,4,45,7.8,"Action Retrieval
Auction: Dutch
Contracts
Deck, Bag, and Pool Building
Hand Management
Increase Value of Unchosen Resources
Open Drafting
Set Collection",,https://boardgamegeek.com/boardgame/382315/century-big-box/credits#boardgamemechanic,382315,,,,,,,
1,Minecraft: Builders & Biomes,no,si,no,no,no,no,no,si,no,no,2,2,4,60,6.9,"Action Points
Deck, Bag, and Pool Building
End Game Bonuses
Grid Movement
Layering
Tile Placement
Variable Set-up",,https://boardgamegeek.com/boardgame/269603/minecraft-builders-and-biomes,269603,,,,,,,
1,Kung Fu Panda,no,si,no,no,si,no,no,no,si,no,2,2,4,30,7,"Cooperative Game
Dice Rolling",,https://boardgamegeek.com/boardgame/186986/kung-fu-panda-the-board-game,186986,,,,,,,
1,"Looney Tunes Mayhem (2023)
",no,si,no,no,no,no,no,si,no,si,2,2,4,30,6.9,,,https://boardgamegeek.com/boardgame/328862/looney-tunes-mayhem,328862,,,,,,,
1,Dragones del Mar,si,no,no,no,no,no,no,no,si,no,1.97,2,5,45,7.4,"
Area Majority / Influence
Contracts
End Game Bonuses
Grid Coverage
Modular Board
Pattern Building
Set Collection
Variable Set-up",,https://boardgamegeek.com/boardgame/374895/sea-dragons,374895,,,,,,,
1,Los Inseparables,no,si,no,no,si,no,no,no,no,no,1.98,2,5,30,7.1,"Communication Limits
Cooperative Game
Hand Management
Move Through Deck
Push Your Luck
Variable Player Powers",,https://boardgamegeek.com/boardgame/171668/the-grizzled,171668,,,,,,,
1,Caza bombas,si,no,no,si,si,no,si,no,no,no,1.97,2,5,30,8,"
Communication Limits
Cooperative Game
Deduction
Memory
Once-Per-Game Abilities
Real-Time
Scenario / Mission / Campaign Game
Sudden Death Ending",,https://boardgamegeek.com/boardgame/413246/bomb-busters,413246,,,,,,,
1,Takenoko,Sí,No,no,no,no,No,No,si,si,si,1.97,2,4,45,7.2,"Action Points
Contracts
Dice Rolling
Die Icon Resolution
End Game Bonuses
Grid Movement
Hexagon Grid
Modular Board
Network and Route Building
Pattern Building
Race
Set Collection
Tags
Tile Placement",,https://boardgamegeek.com/boardgame/70919,70919,,,,,,,
1,Perladora,si,no,no,no,no,no,si,si,si,si,1.97,2,4,30,6.3,"Area Majority / Influence
Enclosure
Once-Per-Game Abilities
Secret Unit Deployment
Team-Based Game
Worker Placement, Different Worker Types",,https://boardgamegeek.com/boardgame/8229/pearladora,8229,,,,,,,
1,Caesar's Empire,Sí,No,,NO,NO,No,No,no,si,si,1.96,2,5,50,7.2,"Network and Route Building
Set Collection",,https://boardgamegeek.com/boardgame/345511,345511,,,,,,,
1,La Tripulación,Sí,No,no,no,si,no,No,no,no,no,1.96,2,5,20,7.8,"Communication Limits
Cooperative Game
Hand Management
Scenario / Mission / Campaign Game
Trick-taking
",,https://boardgamegeek.com/boardgame/284083,284083,,,,,,,
1,Little Town,Sí,No,no,no,no,No,si,no,si,no,1.95,2,4,60,7.2,"Contracts
Tile Placement
Worker Placement",,https://boardgamegeek.com/boardgame/241266/little-town,241266,,,,,,,
1,pocimas y brebajes,Sí,No,no,no,no,no,No,si,no,si,1.94,2,4,45,7.8,"
Catch the Leader
Deck, Bag, and Pool Building
Delayed Purchase
Dice Rolling
Die Icon Resolution
Events
Neighbor Scope
Push Your Luck
Score-and-Reset Game
Simultaneous Action Selection
Track Movement
Variable Set-up",,https://boardgamegeek.com/boardgame/244521,244521,,,,,,,
1,The Quest for El Dorado,no,si,no,no,no,no,no,no,no,no,1.94,2,4,60,7.7,"Deck, Bag, and Pool Building
Delayed Purchase
Grid Movement
Hand Management
Hexagon Grid
Modular Board
Multi-Use Cards
Open Drafting
Race
Variable Set-up",,https://boardgamegeek.com/boardgame/217372/the-quest-for-el-dorado,217372,,,,,,,
1,Ticket to Ride: Europe,Sí,No,no,no,no,No,No,no,si,si,1.92,2,5,60,7.5,"Connections
Contracts
End Game Bonuses
Hand Management
Network and Route Building
Open Drafting
Push Your Luck
Set Collection",,https://boardgamegeek.com/boardgame/14996,14996,,,,,,,
1,Cities,si,no,no,no,no,no,no,no,no,si,1.92,2,4,45,7.4,"Closed Drafting
Contracts
Open Drafting
Pattern Building
Set Collection
Tile Placement
Turn Order: Claim Action
Variable Set-up
Worker Placement",,https://boardgamegeek.com/boardgame/402676/cities,402676,,,,,,,
1,Meeple Land,si,no,no,no,no,no,no,no,no,no,1.92,2,4,45,7.2,"
Auction: Turn Order Until Pass
Income
Market
Modular Board
Network and Route Building
Set Collection
Square Grid
Tile Placement",,https://boardgamegeek.com/boardgame/300683/meeple-land,300683,,,,,,,
1,Kingdomino Origins,si,no,no,no,no,no,no,si,si,si,1.91,2,4,40,7.5,"Enclosure
Open Drafting
Tile Placement
Turn Order: Claim Action",,https://boardgamegeek.com/boardgame/340041/kingdomino-origins,340041,,,,,,,
1,Nunatak,no,si,no,no,no,no,no,no,no,no,1.91,2,4,45,7.3,"Area Majority / Influence
Modular Board
Multi-Use Cards
Open Drafting
Set Collection",,https://boardgamegeek.com/boardgame/383158/nunatak-temple-of-ice,383158,,,,,,,
1,luxor,no,si,no,no,no,no,no,si,si,no,1.91,2,4,45,7.2,"Hand Management
Modular Board
Set Collection
Variable Player Powers",,https://boardgamegeek.com/boardgame/269112/luxor-the-mummys-curse,269112,,,,,,,
1,carcassonne plus,si,si,no,no,no,no,si,no,si,si,1.89,2,5,45,7.5,"
Contracts
Dice Rolling
End Game Bonuses
Grid Coverage
Open Drafting
Pattern Building
Set Collection
Solo / Solitaire Game
Turn Order: Progressive",,https://boardgamegeek.com/boardgame/199561/sagrada/credits#boardgamemechanic,,,,,,,,
1,obscurio,no,no,no,si,si,no,si,no,no,si,1.91,2,8,40,7.1,"Communication Limits
Cooperative Game
Hidden Roles
Traitor Game
Variable Player Powers
Voting",,https://boardgamegeek.com/boardgame/273477/obscurio,,,,,,,,
1,Prehistorias,si,no,no,no,no,no,no,si,no,no,1.88,2,5,30,6.9,"Auction: Sealed Bid
Hand Management
Pattern Building
Square Grid
Tile Placement
Turn Order: Auction",,https://boardgamegeek.com/boardgame/318183/prehistories,318183,,,,,,,
1,Mysterium,no,si,no,no,si,No,No,no,no,si,1.89,2,7,42,7.2,"
Communication Limits
Cooperative Game
Deduction
Finale Ending
Hand Management
Pattern Recognition
Real-Time
Storytelling
Voting",,https://boardgamegeek.com/boardgame/181304,181304,,,,,,,
1,Art Society,si,no,no,no,no,no,no,no,no,si,1.87,2,4,60,7.5,"Auction / Bidding
Auction: Sealed Bid
Constrained Bidding
End Game Bonuses
Grid Coverage
Open Drafting
Pattern Building
Selection Order Bid
Tile Placement",,https://boardgamegeek.com/boardgame/395375/art-society,395375,,,,,,,
1,Optimus,si,no,no,no,no,no,si,no,no,no,1.86,1,4,30,7.6,"Dice Rolling
Paper-and-Pencil
Re-rolling and Locking
Solo / Solitaire Game",,https://boardgamegeek.com/boardgame/244522/thats-pretty-clever,,,,,,,,
1,Cascadia,Sí,No,,NO,NO,No,No,NO,NO,NO,1.85,1,4,45,7.9,"
End Game Bonuses
Hexagon Grid
Open Drafting
Pattern Building
Solo / Solitaire Game
Tile Placement
Variable Set-up",,https://boardgamegeek.com/boardgame/295947,295947,,,,,,,
1,Tokaido Duo,no,no,no,no,no,si,no,no,no,no,1.85,2,2,30,7.4,"Action Drafting
Roll / Spin and Move
Track Movement",,https://boardgamegeek.com/boardgame/363183/tokaido-duo,363183,,,,,,,
1,Carcassonne,si,no,no,no,no,no,si,no,no,no,1.84,2,5,35,8,"Area Majority / Influence
Map Addition
Tile Placement",,https://boardgamegeek.com/boardgame/329954/carcassonne-20th-anniversary-edition,329954,,,,,,,
1,Welcome To your perfect Home,Sí,No,no,no,no,no,si,no,no,no,1.84,1,100,25,7.5,"
Bingo
Contracts
End Game Bonuses
Multi-Use Cards
Open Drafting
Paper-and-Pencil
Pattern Building
Simultaneous Action Selection
Solo / Solitaire Game",,https://boardgamegeek.com/boardgame/233867/welcome-to,233867,,,,,,,
1,Sagrada,Sí,No,NO,no,no,No,No,no,no,si,1.83,1,4,45,7.4,"
Contracts
Dice Rolling
End Game Bonuses
Grid Coverage
Open Drafting
Pattern Building
Set Collection
Solo / Solitaire Game
Turn Order: Progressive
Variable Set-up",,https://boardgamegeek.com/boardgame/199561,199561,,,,,,,
1,Las Aventuras de Robin Hood,si,no,no,no,si,no,no,no,si,no,1.83,2,4,60,7.4,"Cooperative Game
Scenario / Mission / Campaign Game
Storytelling",,,326494,,,,,,,
1,Marvel Splendor,Sí,si,no,no,no,no,no,SI,no,no,1.82,2,4,30,7.6,"Contracts
Open Drafting
Race
Set Collection",,https://boardgamegeek.com/boardgame/293296/splendor-marvel,293296,,,,,,,
1,Cacao,Sí,No,no,no,no,no,si,no,si,no,1.82,2,4,45,7.1,"Area Majority / Influence
Hand Management
Map Addition
Tile Placement",,https://boardgamegeek.com/boardgame/171499,171499,,,,,,,
1,Reef,Sí,No,no,no,no,No,si,no,no,si,1.82,2,4,45,7,"Hand Management
Layering
Pattern Building
Tile Placement",,https://boardgamegeek.com/boardgame/244228/reef,244228,,,,,,,
1,Akropolis,si,no,no,no,no,no,no,no,no,no,1.8,1,4,30,7.5,"Auction: Dutch
End Game Bonuses
Layering
Open Drafting
Pattern Building
Solo / Solitaire Game
Tile Placement
Turn Order: Progressive",,https://boardgamegeek.com/boardgame/357563/akropolis,357563,,,,,,,
1,Pachakuna,si,no,no,no,no,si,no,no,si,si,1.8,2,2,60,6.9,"
Hexagon Grid
Map Deformation
Modular Board
Network and Route Building
Pick-up and Deliver
Point to Point Movement
Tile Placement",,https://boardgamegeek.com/boardgame/321596/pachakuna,321596,,,,,,,
1,Holmes: Sherlock & Mycroft,si,no,no,no,no,si,no,no,no,no,1.8,2,2,30,6.8,"Hand Management
Open Drafting
Set Collection
Worker Placement",,https://boardgamegeek.com/boardgame/174078/holmes-sherlock-and-mycroft,174078,,,,,,,
1,Coffee Rush,si,no,no,no,no,no,si,si,no,si,1.79,2,4,30,7.1,"Contracts
Grid Movement
Simulation",,https://boardgamegeek.com/boardgame/377061/coffee-rush,377061,,,,,,,
1,Potion Explotion,si,no,no,no,no,no,si,no,no,si,1.78,2,4,45,7.1,"Contracts
Open Drafting
Pattern Recognition
Set Collection
Take That
Variable Set-up",,https://boardgamegeek.com/boardgame/180974/potion-explosion,180974,,,,,,,
1,The Cathedral of Orleans,no,si,no,no,si,no,no,si,no,no,1.78,2,4,30,6.1,"Cooperative Game
Deck, Bag, and Pool Building",,https://boardgamegeek.com/boardgame/398044/the-cathedral-of-orleans,398044,,,,,,,
1,Azul: Master Chocolatier,Sí,No,,no,no,No,No,no,no,si,1.77,2,4,45,7.9,"End Game Bonuses
Open Drafting
Pattern Building
Tile Placement
Turn Order: Claim Action",,https://boardgamegeek.com/boardgame/230802,230802,,,,,,,
1,Beez,si,no,no,no,no,no,no,no,si,si,1.77,2,4,45,6.7,"Contracts
Grid Movement
Hexagon Grid
Modular Board
Pattern Building",,https://boardgamegeek.com/boardgame/299592/beez,299592,,,,,,,
1,La Resistencia: Avalon,Sí,No,no,si,no,no,si,no,no,no,1.74,5,10,30,7.5,"
Finale Ending
Hidden Roles
Roles with Asymmetric Information
Simultaneous Action Selection
Team-Based Game
Traitor Game
Variable Player Powers
Voting",,https://boardgamegeek.com/boardgame/128882,128882,,,,,,,
1,Port Royal Big box,Sí,No,no,no,no,no,no,no,no,no,1.74,1,5,50,7.5,"Contracts
Cooperative Game
Move Through Deck
Open Drafting
Push Your Luck
Set Collection
Solo / Solitaire Game",,https://boardgamegeek.com/boardgame/331265/port-royal-big-box,331265,,,,,,,
1,tokaido namiji,no,si,no,no,no,no,si,si,si,si,1.74,2,5,45,7.1,"Push Your Luck
Set Collection
Track Movement
Turn Order: Time Track
Variable Player Powers",,https://boardgamegeek.com/boardgame/275215/namiji,,,,,,,,
1,Tokaido,si,no,no,no,no,no,no,no,no,no,1.74,1,5,45,6.9,"End Game Bonuses
Set Collection
Solo / Solitaire Game
Track Movement
Turn Order: Time Track
Variable Player Powers
Worker Placement",,https://boardgamegeek.com/boardgame/123540/tokaido,123540,,,,,,,
1,Skull King,si,no,no,si,no,no,si,no,no,no,1.72,2,8,30,7.5,"Hand Management
Predictive Bid
Rock-Paper-Scissors
Trick-taking",,https://boardgamegeek.com/boardgame/150145/skull-king,150145,,,,,,,
1,Canvas,si,no,no,no,no,no,no,no,no,si,1.72,1,5,30,7.2,"Auction: Dutch
Contracts
Hand Management
Increase Value of Unchosen Resources
Layering
Open Drafting
Set Collection
Solo / Solitaire Game",,https://boardgamegeek.com/boardgame/290236/canvas,290236,,,,,,,
1,Majesty: For the Realm,Sí,No,no,no,no,no,no,si,no,no,1.72,2,4,30,6.9,"Auction: Dutch
Open Drafting
Set Collection
Victory Points as a Resource",,https://boardgamegeek.com/boardgame/230080/majesty-for-the-realm,230080,,,,,,,
1,River Dragons,SI,NO,no,NO,NO,NO,NO,NO,NO,NO,1.72,2,6,30,6.5,"Action Queue
Point to Point Movement
Simultaneous Action Selection",,https://boardgamegeek.com/boardgame/634/river-dragons,634,,,,,,,
1,Farm Club,si,no,no,no,no,no,si,si,no,si,1.71,2,5,20,6.2,"
Contracts
End Game Bonuses
Grid Movement
Hand Management
Matching
Open Drafting
Pattern Building
Set Collection
Square Grid",,https://boardgamegeek.com/boardgame/358790/farm-club,358790,,,,,,,
1,Secret Hitler,Sí,No,no,si,no,No,No,no,no,no,1.7,5,10,45,7.5,,,https://boardgamegeek.com/boardgame/188834,188834,,,,,,,
1,Great Plains,si,no,no,no,no,si,si,no,si,no,1.7,2,2,20,7.1,"
Area Majority / Influence
Chaining
Grid Movement
Hexagon Grid
Modular Board
Resource Queue
Slide / Push
Static Capture
Variable Set-up
Zone of Control",,https://boardgamegeek.com/boardgame/330036/great-plains,330036,,,,,,,
1,Tras los pasos de Darwin,si,no,no,no,no,no,si,no,si,si,1.69,2,5,30,7.3,"
End Game Bonuses
Grid Coverage
Layering
Open Drafting
Pattern Building
Rondel
Square Grid
Tile Placement",,https://boardgamegeek.com/boardgame/376683/in-the-footsteps-of-darwin,376683,,,,,,,
1,Descifra el código,si,no,no,no,no,no,si,no,no,no,1.69,2,4,15,7.1,"Deduction
Paper-and-Pencil",,https://boardgamegeek.com/boardgame/227466/break-the-code,227466,,,,,,,
1,Magic Maze,Sí,No,no,si,si,No,Sí,no,no,no,1.69,1,8,15,6.8,"
Communication Limits
Cooperative Game
Elapsed Real Time Ending
Grid Movement
Map Addition
Modular Board
Real-Time
Scenario / Mission / Campaign Game
Solo / Solitaire Game
Variable Player Powers",,https://boardgamegeek.com/boardgame/209778,209778,,,,,,,
1,Bohnanza,si,no,no,no,no,no,no,no,no,no,1.68,2,7,45,7.1,"Hand Management
Multi-Use Cards
Negotiation
Set Collection
Trading
",,https://boardgamegeek.com/boardgame/11/bohnanza,11,,,,,,,
1,oriflamme,si,no,no,no,no,no,si,no,no,no,1.67,3,5,30,7.1,"Action Queue
Betting and Bluffing
Hand Management
Take That
Turn Order: Progressive",,https://boardgamegeek.com/boardgame/287084/oriflamme,287084,,,,,,,
1,Barenpark,Sí,No,no,no,no,No,No,no,no,no,1.66,2,4,45,7.3,"Grid Coverage
Modular Board
Open Drafting
Set Collection
Square Grid
Tile Placement",,https://boardgamegeek.com/boardgame/219513,219513,,,,,,,
1,Jamaica,Sí,No,no,no,no,No,No,si,no,si,1.66,2,6,60,7.1,"Dice Rolling
Hand Management
Hidden Victory Points
Race
Roll / Spin and Move
Simultaneous Action Selection
Take That
Track Movement
Turn Order: Progressive
Victory Points as a Resource",,https://boardgamegeek.com/boardgame/28023,28023,,,,,,,
1,La Dama y el tigre,si,no,no,no,no,no,si,no,no,no,1.65,1,6,20,6.3,"Auction / Bidding
Open Drafting
Set Collection
",,https://boardgamegeek.com/boardgame/222643/the-lady-and-the-tiger,222643,,,,,,,
1,BANG!,no,No,no,no,no,No,No,no,no,no,1.63,4,7,40,6.5,"Hand Management
Hidden Roles
Hot Potato
Kill Steal
Player Elimination
Take That
Team-Based Game
Variable Player Powers",,https://boardgamegeek.com/boardgame/3955,3955,,,,,,,
1,King of Tokyo Dark Edition,Sí,No,no,no,no,no,no,no,si,no,1.62,2,6,30,7.7,"Dice Rolling
King of the Hill
Open Drafting
Player Elimination
Push Your Luck",,https://boardgamegeek.com/boardgame/293141/king-of-tokyo-dark-edition,293141,,,,,,,
1,Ghost Fightin' Treasure Hunters,si,no,no,no,si,no,no,no,no,no,1.62,2,4,30,7.1,"Cooperative Game
Dice Rolling
Pick-up and Deliver
Roll / Spin and Move",,https://boardgamegeek.com/boardgame/146312/ghost-fightin-treasure-hunters,146312,,,,,,,
1,Robots: el juego,si,no,no,no,no,no,no,no,no,no,1.61,2,5,60,6.5,"Auction / Bidding
Hand Management
Set Collection
Take That",,https://boardgamegeek.com/boardgame/883/ivanhoe,883,,,,,,,
1,Patchwork,Sí,No,no,no,no,Sí,si,si,no,no,1.6,2,2,30,7.6,"
Grid Coverage
Income
Open Drafting
Rondel
Square Grid
Tile Placement
Turn Order: Stat-Based
Turn Order: Time Track
Victory Points as a Resource",,https://boardgamegeek.com/boardgame/163412,163412,,,,,,,
1,Patchwork Andino,Sí,No,no,no,no,Sí,si,si,no,no,1.6,2,2,30,7.6,"
Grid Coverage
Income
Open Drafting
Rondel
Square Grid
Tile Placement
Turn Order: Stat-Based
Turn Order: Time Track
Victory Points as a Resource",,https://boardgamegeek.com/boardgame/163412,163412,,,,,,,
1,Planet,Sí,No,,NO,NO,NO,No,NO,NO,NO,1.6,2,4,30,6.7,"Open Drafting
Tile Placement
Turn Order: Progressive",,https://boardgamegeek.com/boardgame/252981,252981,,,,,,,
1,The Little Prince: Make a planet,si,no,no,no,no,no,no,no,no,no,1.57,2,5,25,6.9,"Open Drafting
Set Collection",,https://boardgamegeek.com/boardgame/134453/the-little-prince-make-me-a-planet,134453,,,,,,,
1,Project L,Sí,No,no,no,no,No,No,no,no,si,1.56,1,4,40,7.5,"Action Points
Open Drafting
Pattern Building
Resource Queue
Solo / Solitaire Game
Tile Placement",,https://boardgamegeek.com/boardgame/260180/project-l,260180,,,,,,,
1,Unstable Unicorn NSFW,NO,SI,NO,NO,no,no,no,no,no,no,1.55,2,8,45,6.5,"Hand Management
Set Collection
Take That",,https://boardgamegeek.com/boardgame/287952/unstable-unicorns-nsfw-base-game,287952,,,,,,,
1,Yokai,si,no,no,no,no,no,si,no,no,no,1.53,2,4,15,6.6,"Communication Limits
Cooperative Game
Grid Movement
Pattern Building
",,https://boardgamegeek.com/boardgame/269146/yokai,269146,,,,,,,
1,Marea Alta,si,no,no,no,no,no,si,no,no,no,1.52,3,5,30,6.8,"Hand Management
Player Elimination
Simultaneous Action Selection
",,https://boardgamegeek.com/boardgame/1403/turn-the-tide,1403,,,,,,,
1,Camel Up (segunda edicion),Sí,No,no,si,no,No,Sí,no,no,no,1.5,3,8,45,7.6,,,https://boardgamegeek.com/boardgame/260605/camel-up-second-edition,260605,,,,,,,
1,High Society,si,no,no,no,no,no,si,no,no,no,1.48,3,5,30,7.2,"Auction / Bidding
Auction: Turn Order Until Pass
Constrained Bidding
Hand Management",,https://boardgamegeek.com/boardgame/220/high-society,220,,,,,,,
1,Lost Cities,Sí,No,No,No,No,Sí,Sí,no,no,no,1.47,2,2,30,7.3,"Hand Management
Melding and Splaying
Ordering
Push Your Luck
Score-and-Reset Game
Set Collection
",,https://boardgamegeek.com/boardgame/50,50,,,,,,,
1,Pictomania (Second Edition),Sí,No,no,no,no,No,No,no,no,no,1.47,3,6,40,7.1,"Line Drawing
Paper-and-Pencil
",,https://boardgamegeek.com/boardgame/252526/pictomania-second-edition,252526,,,,,,,
1,Océanos de papel,si,no,no,no,no,no,si,no,no,no,1.47,2,4,45,1.47,"Hand Management
Open Drafting
Push Your Luck
Score-and-Reset Game
Set Collection
Sudden Death Ending",,https://boardgamegeek.com/boardgame/367220/sea-salt-and-paper,367220,,,,,,,
1,Survive the island,si,no,no,no,no,no,no,no,si,si,1.45,2,5,45,7.4,"
Action Points
Dice Rolling
Grid Movement
Hexagon Grid
Map Reduction
Memory
Modular Board
Secret Unit Deployment
Take That",,https://boardgamegeek.com/boardgame/425428/survive-the-island,425428,,,,,,,
1,Ten,no,si,no,no,no,no,no,no,no,no,1.45,1,5,30,7,"Auction / Bidding
Auction: Once Around
Push Your Luck
Set Collection",,https://boardgamegeek.com/boardgame/335609/ten,335609,,,,,,,
1,"Hey, That's My Fish! (2003)
",si,no,no,no,no,no,si,no,no,no,1.45,2,4,20,6.7,"Grid Movement
Hexagon Grid
Map Reduction
Modular Board
Variable Set-up
",,https://boardgamegeek.com/boardgame/8203/hey-thats-my-fish,8203,,,,,,,
1,Las Vegas Royale,no,si,no,no,no,no,no,no,no,no,1.44,2,5,60,7.5,"Area Majority / Influence
Dice Rolling",,https://boardgamegeek.com/boardgame/271319/las-vegas-royale,271319,,,,,,,
1,Fantasma Blitz: Que susto,Sí,No,no,no,no,no,Sí,no,no,no,1.43,2,8,20,6.8,"Pattern Recognition
",,https://boardgamegeek.com/boardgame/197760/ghost-blitz-spooky-doo,197760,,,,,,,
1,VEGGIES,NO,NO,no,NO,NO,NO,NO,NO,NO,NO,1.43,2,4,15,6.7,"Area Majority / Influence
Layering
Pattern Building
Tile Placement",,https://boardgamegeek.com/boardgame/277410/veggies,277410,,,,,,,
1,For a crown,si,no,no,no,no,no,si,no,no,si,1.4,3,5,40,7,"Deck Construction
Hidden Victory Points
Take That
Victory Points as a Resource",,https://boardgamegeek.com/boardgame/431248/for-a-crown,431248,,,,,,,
1,Meeple Circus,si,no,no,no,no,no,si,no,no,si,1.4,2,5,45,7,"Open Drafting
Pattern Building
Push Your Luck
Real-Time
Stacking and Balancing",,https://boardgamegeek.com/boardgame/193214/meeple-circus,193214,,,,,,,
1,Bar Bestial,no,si,no,no,no,no,no,no,no,no,1.4,2,4,20,6.8,"Action Queue
Hand Management
Take That",,https://boardgamegeek.com/boardgame/165950/beasty-bar,165950,,,,,,,
1,Dive,si,no,no,no,no,no,si,no,si,si,1.39,1,4,30,6.5,"Action Points
Programmed Movement
Push Your Luck
Race
Simultaneous Action Selection
Variable Player Powers",,https://boardgamegeek.com/boardgame/304324/dive,304324,,,,,,,
1,One Night: Ultimate Werewolf,No,No,no,si,no,No,No,no,no,no,1.38,3,10,10,7,"Hidden Roles
Role Playing
Roles with Asymmetric Information
Traitor Game
Variable Player Powers
Voting",,https://boardgamegeek.com/boardgame/147949/one-night-ultimate-werewolf,147949,,,,,,,
1,Abluxxen,si,no,no,no,no,no,si,no,no,no,1.38,2,5,20,7,"Hand Management
Melding and Splaying
Move Through Deck
Open Drafting
Take That",,https://boardgamegeek.com/boardgame/153065/linko,153065,,,,,,,
1,Concept,no,no,no,si,no,no,no,no,no,no,1.38,4,12,40,6.7,"Communication Limits
Race
Team-Based Game",,https://boardgamegeek.com/boardgame/147151/concept,147151,,,,,,,
1,Dragons,si,no,no,no,no,no,si,no,no,no,1.38,3,6,60,6.4,"Open Drafting
Push Your Luck
Set Collection",,https://boardgamegeek.com/boardgame/240827/dragons,240827,,,,,,,
1,Loot sobre ruedas,si,no,no,no,no,no,si,no,no,no,1.38,2,8,20,6.3,"Card Play Conflict Resolution
Hand Management",,https://boardgamegeek.com/boardgame/770/loot,770,,,,,,,
1,7 Wonders Architects,SI,NO,no,NO,NO,NO,NO,NO,NO,NO,1.37,2,7,25,7,"Neighbor Scope
Open Drafting
Set Collection
Variable Player Powers",,https://boardgamegeek.com/boardgame/346703/7-wonders-architects,346703,,,,,,,
1,Código Seceto Duo,Sí,No,no,no,si,Sí,Sí,no,no,no,1.35,2,2,30,7.4,"Communication Limits
Cooperative Game
Memory",,https://boardgamegeek.com/boardgame/224037,224037,,,,,,,
1,Hellapagos,no,si,no,si,si,no,no,no,no,no,1.34,3,12,20,6.6,"
Lose a Turn
Player Elimination
Push Your Luck
Semi-Cooperative Game
Set Collection
Take That
Turn Order: Progressive
Voting",,https://boardgamegeek.com/boardgame/224272/hellapagos,224272,,,,,,,
1,Penguin Airlines,si,no,no,si,no,no,si,no,no,no,1.33,2,8,30,6.9,"Communication Limits
Elapsed Real Time Ending
Real-Time
Team-Based Game",,https://boardgamegeek.com/boardgame/369388/penguin-airlines,369388,,,,,,,
1,Dungeons & Drinks,si,no,no,si,no,no,si,no,no,no,1.33,2,6,45,6.3,,,https://boardgamegeek.com/boardgame/313454/dungeons-and-drinks,313454,,,,,,,
1,Saboteur,Sí,No,no,si,no,No,No,no,no,no,1.32,3,10,30,6.5,"
Hand Management
Hidden Roles
Hidden Victory Points
Map Addition
Network and Route Building
Score-and-Reset Game
Take That
Traitor Game",,https://boardgamegeek.com/boardgame/9220,9220,,,,,,,
1,un dia en las carreras ,si,no,no,si,no,no,no,no,si,si,1.31,2,9,60,7.5,"Betting and Bluffing
Dice Rolling
Real-Time
Track Movement",,https://boardgamegeek.com/boardgame/351040/ready-set-bet,,,,,,,,
1,Sushi Go Party!,NO,No,no,NO,NO,No,NO,NO,NO,NO,1.31,2,8,20,7.4,"Closed Drafting
End Game Bonuses
Hand Management
Set Collection
Simultaneous Action Selection
Variable Set-up",,https://boardgamegeek.com/boardgame/192291,192291,,,,,,,
1,"The Werewolves of Miller's Hollow (2001)
",no,no,no,no,no,no,no,no,no,no,1.31,8,18,30,6.7,"Hidden Roles
Player Elimination
Role Playing
Team-Based Game
Variable Player Powers
Voting
",,https://boardgamegeek.com/boardgame/25821/the-werewolves-of-millers-hollow,25821,,,,,,,
1,Manchas,SI,NO,NO,NO,NO,NO,NO,NO,NO,NO,1.29,1,4,30,7.1,"
Action Drafting
Contracts
Dice Rolling
Increase Value of Unchosen Resources
Push Your Luck
Race
Re-rolling and Locking
Set Collection
Variable Set-up",,https://boardgamegeek.com/boardgame/372559/spots,372559,,,,,,,
1,Panic lab,si,no,no,no,no,no,si,no,no,no,1.29,2,10,30,6,"Dice Rolling
Memory
Pattern Recognition",,https://boardgamegeek.com/boardgame/121073/panic-lab,121073,,,,,,,
1,"Soviet Kitchen Unleashed (2018)
",si,no,no,si,si,no,si,no,no,no,1.28,1,6,25,6.8,"Cooperative Game
Hand Management
Push Your Luck
",,https://boardgamegeek.com/boardgame/260407/soviet-kitchen-unleashed,260407,,,,,,,
1,Cloud City,si,no,no,no,no,no,no,no,no,no,1.28,2,4,60,6.5,"Network and Route Building
Tile Placement",,https://boardgamegeek.com/boardgame/313963/cloud-city,313963,,,,,,,
1,COYOTE,SI,NO,,NO,NO,NO,NO,NO,NO,NO,1.27,3,6,20,6.8,"Betting and Bluffing
Player Elimination",,https://boardgamegeek.com/boardgameversion/684602/spanish-edition,317981,,,,,,,
1,Codenames,Sí,No,,SI,NO,No,No,no,no,no,1.26,2,8,15,7.5,"Communication Limits
Deduction
Memory
Race
Team-Based Game",,https://boardgamegeek.com/boardgame/178900,178900,,,,,,,
1,Aventureros al Tren: New york,si,no,no,no,no,no,si,no,si,no,1.26,2,4,15,6.9,"Hand Management
Network and Route Building
Open Drafting
Set Collection",,https://boardgamegeek.com/boardgame/253284/ticket-to-ride-new-york,253284,,,,,,,
1,El Camarero,no,no,no,no,no,no,no,no,no,no,1.25,2,10,30,7.3,"Memory
",,https://boardgamegeek.com/boardgame/273657/el-camarero,273657,,,,,,,
1,draftosaurus,si,no,no,no,no,no,no,no,no,no,1.25,2,5,15,7.1,"Closed Drafting
Dice Rolling
Die Icon Resolution
Set Collection
Simultaneous Action Selection",,https://boardgamegeek.com/boardgame/264055/draftosaurus,264055,,,,,,,
1,kienparake,si,no,no,si,si,no,si,no,no,no,1.25,3,8,20,6.9,"Cooperative Game
Voting",,https://boardgamegeek.com/boardgame/403128/who-the-fck,403128,,,,,,,
1,Lusitania,si,no,no,no,no,no,si,no,no,no,1.25,2,4,20,6.9,"Hand Management
Open Drafting
Set Collection",,https://boardgamegeek.com/boardgame/228409/lusitania,228409,,,,,,,
1,"Alcachofas, No Gracias",si,no,no,no,no,no,si,no,no,no,1.25,2,4,20,6.6,"Deck, Bag, and Pool Building
Open Drafting
Race",,https://boardgamegeek.com/boardgame/302260/abandon-all-artichokes,302260,,,,,,,
1,Codenames: Pictures,Sí,No,no,Sí,no,No,No,no,no,no,1.24,2,8,15,7.2,"Communication Limits
Memory
Team-Based Game",,https://boardgamegeek.com/boardgame/198773,198773,,,,,,,
1,Kingdomino,Sí,No,no,no,no,no,Sí,no,no,no,1.23,2,4,25,7.3,"Enclosure
Open Drafting
Tile Placement
Turn Order: Claim Action",,https://boardgamegeek.com/boardgame/204583,204583,,,,,,,
1,Dany,si,no,no,si,no,no,no,no,no,no,1.23,3,8,30,6.8,"Hidden Roles
Team-Based Game
",,https://boardgamegeek.com/boardgame/265381/dany,265381,,,,,,,
1,Spyfall,Sí,no,no,si,no,no,si,no,no,no,1.23,3,8,15,6.7,"
Acting
Communication Limits
Memory
Role Playing
Roles with Asymmetric Information
Targeted Clues
Traitor Game
Voting",,https://boardgamegeek.com/boardgame/166384/spyfall,166384,,,,,,,
1,Golpe de Fe + Cataclismo Expa,si,no,no,no,no,no,no,no,si,no,1.22,2,5,40,7.3,"Area Majority / Influence
Flicking
Variable Player Powers
Voting",,https://boardgamegeek.com/boardgame/281194/flick-of-faith,281194,,,,,,,
1,El Laberinto Mágico,si,no,no,no,no,no,si,no,no,no,1.21,2,4,30,6.8,"Dice Rolling
Grid Movement
Memory
Network and Route Building
Roll / Spin and Move",,https://boardgamegeek.com/boardgame/41916/the-magic-labyrinth,41916,,,,,,,
1,Junkart,si,no,no,si,no,no,si,no,no,si,1.2,2,6,30,7.4,"Bingo
Hand Management
I Cut, You Choose
Score-and-Reset Game
Stacking and Balancing",,https://boardgamegeek.com/boardgame/193042/junk-art,193042,,,,,,,
1,Sushi Go: Gira y Come Dim Sum,si,no,no,no,no,no,si,no,no,si,1.2,2,6,20,,"Open Drafting
Set Collection",,https://boardgamegeek.com/boardgame/392611/sushi-go-spin-some-for-dim-sum,392611,,,,,,,
1,Toma 6,si,no,no,si,no,no,si,no,no,no,1.19,1,10,45,7.6,"Hand Management
Score-and-Reset Game
Simultaneous Action Selection",,https://boardgamegeek.com/boardgame/432/take-5,432,,,,,,,
1,Dixit,si,no,no,si,no,no,si,no,no,no,1.19,3,8,30,7.2,"Race
Singing
Storytelling
Targeted Clues
Voting",,https://boardgamegeek.com/boardgame/39856/dixit,39856,,,,,,,
1,When I dream,si,no,no,si,no,no,no,no,no,no,1.19,4,10,40,6.9,"Communication Limits
Hidden Roles
Memory
Role Playing
Storytelling
Team-Based Game",,https://boardgamegeek.com/boardgame/198454/when-i-dream,198454,,,,,,,
1,Love Letter,si,no,no,no,no,no,no,no,no,no,1.18,2,4,20,7.2,"Deduction
Hand Management
Player Elimination
Score-and-Reset Game
Take That",,https://boardgamegeek.com/boardgame/129622/love-letter,129622,,,,,,,
1,"Deep Sea Adventure (2014)
",si,no,no,no,no,no,si,no,no,no,1.18,2,6,30,6.9,"Pick-up and Deliver
Push Your Luck
Roll / Spin and Move",,https://boardgamegeek.com/boardgame/169654/deep-sea-adventure,169654,,,,,,,
1,"Tough Calls: Dystopia (2020)

",si,no,no,no,no,no,no,no,no,no,1.17,3,5,60,7.3,"Role Playing
Storytelling
Voting",,https://boardgamegeek.com/boardgame/288276/tough-calls-dystopia,288276,,,,,,,
1,Dixit odyssey,si,no,no,si,no,no,si,no,no,no,1.16,3,12,30,7.4,"Storytelling
Targeted Clues
Voting",,https://boardgamegeek.com/boardgame/92828/dixit-odyssey,92828,,,,,,,
1,Unánimo,Sí,No,no,si,no,No,No,no,no,no,1.16,3,8,30,7.1,"Connections
Paper-and-Pencil",,https://boardgamegeek.com/boardgame/12157/unanimo,12157,,,,,,,
1,Age of War,si,No,no,NO,NO,NO,Sí,NO,NO,NO,1.16,2,6,20,6.4,"Dice Rolling
Die Icon Resolution
Push Your Luck
Re-rolling and Locking
Set Collection
Take That",,https://boardgamegeek.com/boardgame/28086/age-of-war,28086,,,,,,,
1,Ensalada de puntos,si,no,no,no,no,no,si,no,no,no,1.15,2,6,30,7.1,"Open Drafting
Set Collection",,https://boardgamegeek.com/boardgame/274960/point-salad,274960,,,,,,,
1,Ratón Valiente,si,no,no,no,no,si,si,no,no,no,1.14,2,2,15,6.5,"Rock-Paper-Scissors
Simultaneous Action Selection",,https://boardgamegeek.com/boardgame/112373/braverats,,,,,,,,
1,Lucky Number,Si,no,no,no,no,no,si,no,no,no,1.14,1,4,20,6.4,"Solo / Solitaire Game
Tile Placement",,https://boardgamegeek.com/boardgame/118247/lucky-numbers,118247,,,,,,,
1,No Thanks!,Sí,No,no,si,no,no,si,no,no,no,1.13,3,7,20,7.1,"Auction / Bidding
Closed Economy Auction
Push Your Luck
Score-and-Reset Game
Set Collection",,https://boardgamegeek.com/boardgame/12942,12942,,,,,,,
1,Vaca Loca,si,no,no,no,no,no,si,no,no,no,1.13,3,6,25,6.5,,,https://boardgamegeek.com/boardgame/261262/blode-kuh,261262,,,,,,,
1,"
Don't L.L.A.M.A. Dice",si,no,no,no,no,no,si,no,no,no,1.13,2,6,20,1.13,"Dice Rolling
Push Your Luck",,https://boardgamegeek.com/boardgame/325853/dont-llama-dice,325853,,,,,,,
1,So Clover,si,no,no,si,si,no,si,no,no,no,1.12,3,6,30,7.6,"Communication Limits
Cooperative Game",,https://boardgamegeek.com/boardgame/329839/so-clover,329839,,,,,,,
1,Dixit Disney,si,no,no,si,no,no,si,no,no,si,1.12,3,6,30,7.4,"Storytelling
Targeted Clues
Voting",,https://boardgamegeek.com/boardgame/381308/dixit-disney-edition,381308,,,,,,,
1,Wavelength,si,no,no,si,si,no,si,no,no,no,1.11,2,12,45,7.2,"Race
Targeted Clues
Team-Based Game",,https://boardgamegeek.com/boardgame/262543/wavelength,262543,,,,,,,
1,Qwixx,si,no,no,no,no,no,si,no,no,no,1.11,2,5,15,6.9,"Bingo
Dice Rolling
Paper-and-Pencil",,https://boardgamegeek.com/boardgame/131260/qwixx,131260,,,,,,,
1,Musa,si,no,no,si,no,no,si,no,no,no,1.11,2,12,30,6.6,"Communication Limits
Cooperative Game
Targeted Clues
Team-Based Game
Voting
",,https://boardgamegeek.com/boardgame/234396/muse,234396,,,,,,,
1,Bandido,si,no,no,si,si,no,si,no,no,no,1.11,1,4,15,6.4,"Cooperative Game
Network and Route Building
Solo / Solitaire Game
Tile Placement",,https://boardgamegeek.com/boardgame/191925/bandido,191925,,,,,,,
1,Fiesta de los muertos,si,no,no,si,si,no,si,no,no,no,1.1,4,8,15,7,"Communication Limits
Cooperative Game",,https://boardgamegeek.com/boardgame/285253/fiesta-de-los-muertos,285253,,,,,,,
1,Poquer de Bichos,si,no,no,si,no,no,si,no,no,no,1.1,2,6,20,6.8,"Hand Management
Set Collection
Single Loser Game
",,https://boardgamegeek.com/boardgame/11971/cockroach-poker,11971,,,,,,,
1,Throw Throw Burrito,si,no,no,no,no,no,si,no,no,no,1.1,2,6,15,6.3,"Real-Time
Set Collection
Take That",,https://boardgamegeek.com/boardgame/274533/throw-throw-burrito,274533,,,,,,,
1,Rhino Hero: Super Battle,no,no,no,no,no,no,si,no,no,no,1.09,2,4,20,7.2,"Dice Rolling
King of the Hill
Open Drafting
Single Loser Game
Stacking and Balancing
Three Dimensional Movement",,https://boardgamegeek.com/boardgame/218333/rhino-hero-super-battle,218333,,,,,,,
1,Supercats,si,no,no,si,no,no,si,no,no,no,1.09,3,6,15,6.3,"Rock-Paper-Scissors
Simultaneous Action Selection",,https://boardgamegeek.com/boardgame/279014,279014,,,,,,,
1,Exploding Kittens,Sí,No,no,no,no,no,Sí,no,no,no,1.08,2,5,15,6.1,"Hand Management
Hot Potato
Player Elimination
Push Your Luck
Set Collection
Take That",,https://boardgamegeek.com/boardgame/172225,172225,,,,,,,
1,Walkie Talkie,si,no,no,si,si,no,si,no,no,no,1.08,2,8,5,5.9,"Real-Time
Score-and-Reset Game
",,https://boardgamegeek.com/boardgame/351540/walkie-talkie,351540,,,,,,,
1,Masomenos,si,no,no,si,si,no,si,no,no,no,1.07,4,9,30,7.4,"Cooperative Game
Deduction
Ordering
Player Judge
Targeted Clues",,https://boardgamegeek.com/boardgame/300905/top-ten,300905,,,,,,,
1,Pistas Cruzadas,si,no,no,si,si,no,si,no,no,no,1.07,2,6,10,7.2,"Cooperative Game
Elapsed Real Time Ending
Real-Time",,https://boardgamegeek.com/boardgame/300753/cross-clues,300753,,,,,,,
1,Catapul Feud,si,no,no,no,no,si,si,no,no,si,1.07,2,2,30,7,"Events
Movement Template",,https://boardgamegeek.com/boardgame/310789/catapult-feud,310789,,,,,,,
1,Llama,si,no,no,no,no,no,si,no,no,no,1.06,2,6,20,"6,5","Hand Management
Ladder Climbing
Matching
Push Your Luck",,https://boardgamegeek.com/boardgame/266083/llama,266083,,,,,,,
1,Las Vegas Baby,si,no,no,si,no,no,si,no,no,no,1.06,5,99,40,7.4,Betting and Bluffing,,https://boardgamegeek.com/boardgame/286428/wits-and-wagers-its-vegas-baby,286428,,,,,,,
1,Eso no es un sombreror,si,no,no,si,no,no,si,no,no,no,1.06,3,8,15,7,Memory,,https://boardgamegeek.com/boardgame/375651/thats-not-a-hat,375651,,,,,,,
1,Cometas: hora de volar,si,no,no,si,si,no,si,no,no,no,1.06,2,6,10,6.9,"Cooperative Game
",,https://boardgamegeek.com/boardgame/348096/kites,348096,,,,,,,
1,Similo Myths,si,no,no,si,si,no,si,no,no,no,1.06,2,8,15,6.8,"Communication Limits
Cooperative Game
Deduction
Score-and-Reset Game
Voting",,https://boardgamegeek.com/boardgame/268620/similo,268620,,,,,,,
1,Virus,no,no,no,no,no,no,si,no,no,no,1.06,2,6,20,6.7,"Hand Management
Set Collection
Take That",,https://boardgamegeek.com/boardgame/180020/virus,180020,,,,,,,
1,Happy Salmon,si,no,no,no,no,no,si,no,no,no,1.06,3,6,8,6.7,"Real-Time
",,https://boardgamegeek.com/boardgame/194626/happy-salmon,194626,,,,,,,
1,ice cool,NO,NO,no,NO,NO,NO,SI,NO,NO,NO,1.05,2,4,30,6.8,"Area Movement
Flicking
Take That",,https://boardgamegeek.com/boardgame/177524/icecool,177524,,,,,,,
1,Los odiosos 7,si,no,no,si,no,no,si,no,no,no,1.05,3,6,25,6.4,"Communication Limits
Memory",,https://boardgamegeek.com/boardgame/186302/die-fiesen-7,186302,,,,,,,
1,Dancing Eggs,Sí,No,no,no,no,no,No,no,no,no,1.05,2,4,10,6.3,"Dice Rolling
",,https://boardgamegeek.com/boardgame/8924/dancing-eggs,8924,,,,,,,
1,Pictures,si,no,no,si,no,no,no,no,no,no,1.04,3,5,30,7.2,"Communication Limits
Deduction
Pattern Recognition",,https://boardgamegeek.com/boardgame/284108/pictures,284108,,,,,,,
1,"Taco, gato, Cabra, Queso, Pizza",si,no,no,no,no,no,si,no,no,no,1.04,2,8,30,6.5,"Interrupts
Pattern Recognition
Race
Real-Time
Speed Matching",,https://boardgamegeek.com/boardgame/253664/taco-cat-goat-cheese-pizza,253664,,,,,,,
1,Just One,Sí,No,no,si,si,No,Sí,no,no,no,1.03,3,7,30,7.6,"Communication Limits
Cooperative Game
Deduction
Score-and-Reset Game",,https://boardgamegeek.com/boardgame/254640,254640,,,,,,,
1,Illusion,Sí,No,no,no,no,no,Sí,no,no,no,1.03,2,5,15,6.7,"Pattern Recognition
",,https://boardgamegeek.com/boardgame/244995/illusion,244995,,,,,,,
1,Quien fue,si,no,no,no,no,no,si,no,no,no,1.03,3,6,15,6.6,"Memory
Single Loser Game",,https://boardgamegeek.com/boardgame/241491/who-did-it,241491,,,,,,,
1,Rhino Hero,NO,No,no,NO,NO,No,Sí,NO,NO,NO,1.02,2,5,15,6.9,"Hand Management
Lose a Turn
Score-and-Reset Game
Stacking and Balancing",,https://boardgamegeek.com/boardgame/91514,91514,,,,,,,
1,Say my name,no,no,no,no,no,no,si,no,no,no,1,4,12,90,7.6,"Acting
Memory
Team-Based Game",,https://boardgamegeek.com/boardgame/197786/say-my-name,197786,,,,,,,
1,Lapsus,si,no,no,si,si,no,si,no,no,no,1,2,8,20,7.5,"Action Timer
Cooperative Game
Deduction",,https://boardgamegeek.com/boardgame/320280/lapsus,320280,,,,,,,
1,Teletrations After Dark,si,no,no,si,no,no,si,no,no,no,1,4,8,30,7.1,"Humor
Mature / Adult
Party Game
Real-time",,https://boardgamegeek.com/boardgame/173761/telestrations-after-dark,173761,,,,,,,
1,Unanimo: Party,si,no,no,si,no,no,si,no,no,no,1,3,8,20,7.1,Party Game,,https://boardgamegeek.com/boardgame/261614/unanimo-party,261614,,,,,,,
1,Mal trago,si,no,no,si,no,no,si,no,no,no,1,4,10,20,7,"Push Your Luck
Role Playing
Take That
Voting",,https://boardgamegeek.com/boardgame/287228/mal-trago,287228,,,,,,,
1,Piles,no,no,no,no,no,no,si,no,no,no,1,2,8,10,6.9,"Matching
Set Collection
Speed Matching",,https://boardgamegeek.com/boardgame/400752/piles-a-fast-paced-free-for-all,400752,,,,,,,
1,sound box,si,no,no,si,si,no,si,no,no,no,1,4,7,45,6.9,"Acting
Communication Limits
Cooperative Game
Deduction
Real-Time",,https://boardgamegeek.com/boardgame/302876/sound-box,302876,,,,,,,
1,Catch the moon,no,no,no,si,no,no,si,no,no,si,1,1,6,20,6.8,"Dice Rolling
Stacking and Balancing",,https://boardgamegeek.com/boardgame/218129/catch-the-moon,218129,,,,,,,
1,SHIKI,si,NO,no,NO,NO,NO,SI,NO,NO,NO,1,2,5,15,6.7,,,https://boardgamegeek.com/boardgame/333953/shiki,333953,,,,,,,
1,Throw Throw Avocado,si,no,no,no,no,no,si,no,no,no,1,2,6,15,6.4,"Matching
Real-Time
Set Collection
Simultaneous Action Selection
Take That",,https://boardgamegeek.com/boardgame/340420/throw-throw-avocado,340420,,,,,,,
1,Little Secret,Si,no,no,si,no,no,si,no,no,no,1,3,9,20,6.2,"Deduction
Hidden Roles",,https://boardgamegeek.com/boardgame/367367/little-secret,367367,,,,,,,
1,HDP,si,no,no,si,no,no,si,no,no,no,1,4,12,60,6,"Hand Management
Player Judge
Simultaneous Action Selection
",,https://boardgamegeek.com/boardgame/256640/hdp-hasta-donde-puedas,256640,,,,,,,
1,Pescadores,SI,No,,SI,NO,no,si,no,no,no,1.0,2,6,15,5.9,"Card Game
Children's Game",,https://boardgamegeek.com/boardgame/117992/shrimp,117992,,,,,,,
,,,,,,,,,,,,,,,,,,,,,,,,,,,
1,Star Wars: Las Guerras Clon - Promo Miniaturas,,,,,,,,,,,,,,,,,,,,,,,,,,
1,Bunny Kingdom Celestial(expa),,,,,,,,,,,,,,,,,,,,,,,,,,
1,The Red Cathedral Contractors(expa),,,,,,,,,,,,,,,,,,,,,,,,,,
1,Pocimas y brebajes: Brujas Herboristas(expa),,,,,,,,,,,,,,,,,,,,,,,,,,
1,El Señor de los Anillos: Viajes por la Tierra Media - Vientos de Guerra,,,,,,,,,,,,,,,,,,,,,,,,,,
1,El Señor de los Anillos: Viajes por la Tierra Media - Sendas Sombrias,,,,,,,,,,,,,,,,,,,,,,,,,,
1,Root Expansion Los Rivereños,,,,,,,,,,,,,,,,,,,,,,,,,,
1,abyss leviatan,,,,,,,,,,,,,,,,,,,,,,,,,,
1,Kingdomino Age of Giants (Expansión),,,,,,,,,,,,,,,,,,,,,,,,,,
1,carcassonne La Torre (expa),,,,,,,,,,,,,,,,,,,,,,,,,,
1,Wingspan Europa (expa),,,,,,,,,,,,,,,,,,,,,,,,,,
1,viniculture tuscany,,,,,,,,,,,,,,,,,,,,,,,,,,
1,Everdell Spirecrest(expa),,,,,,,,,,,,,,,,,,,,,,,,,,
1,Everdell Bellfafire(expa),,,,,,,,,,,,,,,,,,,,,,,,,,
1,Wildlans The Ancients(expa),,,,,,,,,,,,,,,,,,,,,,,,,,
1,Deus Egipto(expa),,,,,,,,,,,,,,,,,,,,,,,,,,
1,Los Tomos del Reino del Oeste(expa),,,,,,,,,,,,,,,,,,,,,,,,,,
1,Pradera Rio Abajo(expa),,,,,,,,,,,,,,,,,,,,,,,,,,
1,Ghost Fightin' Treasure Hunters: Creepy Cellar (Expa),,,,,,,,,,,,,,,,,,,,,,,,,,
1,La búsqueda del planeta x(expa),,,,,,,,,,,,,,,,,,,,,,,,,,
1,Catapul Feud (expa 1),,,,,,,,,,,,,,,,,,,,,,,,,,
1,Catapul Feud (expa 2),,,,,,,,,,,,,,,,,,,,,,,,,,
1,Clank Tesoros Sumergidos(expa),,,,,,,,,,,,,,,,,,,,,,,,,,
1,Wingspan Expanción de Oceanía(expa),,,,,,,,,,,,,,,,,,,,,,,,,,
1,Age of Artisans(expa Arquitectos),,,,,,,,,,,,,,,,,,,,,,,,,,
1,Tobago Volcano(expa),,,,,,,,,,,,,,,,,,,,,,,,,,